order_id,customer_id,product_id,quantity,order_date,status
1,681,37,1,2025-11-08,SHIPPED
2,562,21,4,2025-12-02,SHIPPED
3,669,25,3,2025-12-04,SHIPPED
4,665,32,5,2025-11-14,DELIVERED
5,999,5,4,2025-12-11,PENDING
6,160,26,5,2025-12-18,PENDING
7,920,43,4,2025-11-02,SHIPPED
8,142,14,3,2025-12-08,DELIVERED
9,736,10,3,2025-10-22,PENDING
10,859,45,1,2025-11-15,CANCELLED
11,63,35,4,2025-11-10,DELIVERED
12,217,11,4,2025-11-02,DELIVERED
13,995,3,1,2025-11-25,CANCELLED
14,60,11,4,2025-11-24,CANCELLED
15,397,28,2,2025-12-08,CANCELLED
16,887,40,5,2025-10-24,CANCELLED
17,96,49,2,2025-11-09,DELIVERED
18,445,43,4,2025-10-22,PENDING
19,437,50,4,2025-12-01,CANCELLED
20,245,39,5,2025-10-27,DELIVERED
21,100,5,4,2025-11-10,DELIVERED
22,143,42,3,2025-11-14,CANCELLED
23,320,11,2,2025-12-04,DELIVERED
24,22,12,3,2025-11-01,SHIPPED
25,521,23,1,2025-11-06,DELIVERED
26,699,33,5,2025-10-27,CANCELLED
27,151,33,3,2025-12-09,CANCELLED
28,480,5,5,2025-11-03,PENDING
29,981,20,1,2025-12-03,CANCELLED
30,672,9,2,2025-11-30,SHIPPED
31,168,14,5,2025-10-29,DELIVERED
32,355,35,5,2025-11-17,DELIVERED
33,852,11,2,2025-12-17,CANCELLED
34,518,28,5,2025-11-27,PENDING
35,217,8,5,2025-10-25,PENDING
36,147,37,2,2025-11-05,DELIVERED
37,85,3,4,2025-12-18,SHIPPED
38,684,44,2,2025-12-07,PENDING
39,859,14,5,2025-10-31,CANCELLED
40,157,45,5,2025-11-07,PENDING
41,552,45,3,2025-12-06,CANCELLED
42,879,11,1,2025-12-06,DELIVERED
43,777,26,4,2025-11-17,DELIVERED
44,504,42,2,2025-12-09,DELIVERED
45,478,16,2,2025-11-10,PENDING
46,262,26,1,2025-11-12,
47,507,41,2,2025-10-22,CANCELLED
48,274,10,5,2025-12-08,SHIPPED
49,292,25,1,2025-12-02,DELIVERED
50,590,30,5,2025-11-08,PENDING
51,398,32,3,2025-11-07,SHIPPED
52,732,29,5,2025-12-15,CANCELLED
53,17,48,1,2025-11-05,PENDING
54,722,39,2,2025-11-24,CANCELLED
55,246,13,2,2025-11-21,PENDING
56,835,45,5,2025-11-10,PENDING
57,133,24,4,2025-12-10,PENDING
58,947,16,5,2025-11-24,SHIPPED
59,95,21,5,2025-11-29,DELIVERED
60,749,8,2,2025-10-26,CANCELLED
61,628,4,4,2025-10-21,SHIPPED
62,686,11,4,2025-10-22,
63,283,50,5,2025-10-30,SHIPPED
64,181,22,2,2025-11-30,SHIPPED
65,845,11,1,2025-11-11,DELIVERED
66,571,12,4,2025-11-16,PENDING
67,621,36,2,2025-11-12,CANCELLED
68,847,39,3,2025-10-26,DELIVERED
69,421,33,3,2025-10-21,DELIVERED
70,382,16,3,2025-11-22,DELIVERED
71,239,31,3,2025-11-25,CANCELLED
72,643,13,5,2025-12-05,SHIPPED
73,107,49,3,2025-10-29,CANCELLED
74,139,13,1,2025-12-12,PENDING
75,363,17,4,2025-11-08,CANCELLED
76,548,34,4,2025-10-23,CANCELLED
77,729,48,1,2025-10-27,DELIVERED
78,780,5,3,2025-10-29,PENDING
79,820,2,3,2025-11-01,SHIPPED
80,978,46,3,2025-10-21,SHIPPED
81,181,29,3,2025-11-01,PENDING
82,483,28,1,2025-11-08,SHIPPED
83,118,28,5,2025-11-19,SHIPPED
84,916,21,1,2025-11-20,CANCELLED
85,576,45,2,2025-12-19,CANCELLED
86,761,38,4,2025-11-27,DELIVERED
87,332,2,5,2025-10-27,DELIVERED
88,718,28,5,2025-10-29,DELIVERED
89,917,40,1,2025-12-13,SHIPPED
90,468,6,1,2025-12-09,PENDING
91,713,23,4,2025-12-04,SHIPPED
92,746,41,2,2025-11-06,PENDING
93,193,11,5,2025-11-13,DELIVERED
94,723,31,5,2025-10-22,DELIVERED
95,33,36,3,2025-11-17,SHIPPED
96,793,32,5,2025-11-17,DELIVERED
97,233,49,1,2025-10-31,CANCELLED
98,925,22,4,2025-11-08,CANCELLED
99,423,36,4,2025-10-22,CANCELLED
100,946,44,3,2025-11-17,SHIPPED
101,65,47,3,2025-12-06,SHIPPED
102,844,20,2,2025-12-06,PENDING
103,386,27,3,2025-11-07,SHIPPED
104,926,42,1,2025-11-23,CANCELLED
105,492,35,5,2025-11-25,DELIVERED
106,223,33,4,2025-12-14,SHIPPED
107,945,46,2,2025-11-16,DELIVERED
108,400,6,1,2025-10-22,DELIVERED
109,255,43,3,2025-12-20,PENDING
110,426,14,4,2025-10-28,CANCELLED
111,399,46,2,2025-11-08,CANCELLED
112,588,31,1,2025-12-17,DELIVERED
113,701,23,5,2025-12-19,SHIPPED
114,480,26,2,2025-11-28,PENDING
115,845,8,2,2025-10-23,PENDING
116,353,7,1,2025-12-05,PENDING
117,485,17,1,2025-11-28,DELIVERED
118,689,7,5,2025-11-10,CANCELLED
119,963,47,3,2025-11-01,SHIPPED
120,237,32,5,2025-11-05,SHIPPED
121,560,24,5,2025-12-19,DELIVERED
122,928,50,2,2025-11-17,PENDING
123,999999,18,1,2025-11-12,PENDING
124,467,18,5,2025-10-23,CANCELLED
125,172,47,4,2025-11-29,CANCELLED
126,143,50,3,2025-10-29,CANCELLED
127,315,8,1,2025-12-05,SHIPPED
128,107,19,2,2025-12-05,CANCELLED
129,60,20,2,2025-11-14,SHIPPED
130,855,6,5,2025-11-03,DELIVERED
131,344,39,5,2025-11-13,DELIVERED
132,421,47,5,2025-11-28,CANCELLED
133,221,6,5,2025-11-01,CANCELLED
134,793,13,5,2025-10-23,CANCELLED
135,234,5,5,2025-11-25,DELIVERED
136,896,46,5,2025-10-21,PENDING
137,416,12,1,2025-11-02,SHIPPED
138,887,40,5,2025-11-07,CANCELLED
139,657,7,5,2025-12-03,SHIPPED
140,666,1,3,2025-10-21,SHIPPED
141,532,35,4,2025-12-12,SHIPPED
142,558,38,1,2025-12-09,CANCELLED
143,783,35,3,2025-11-14,CANCELLED
144,517,40,1,2025-10-31,CANCELLED
145,148,50,2,2025-11-08,CANCELLED
146,330,44,5,2025-11-22,DELIVERED
147,449,22,4,2025-11-17,CANCELLED
148,603,2,5,2025-12-10,
149,14,3,1,2025-11-29,PENDING
150,535,13,4,2025-11-24,PENDING
151,170,10,2,2025-11-19,DELIVERED
152,43,27,5,2025-11-27,DELIVERED
153,479,43,5,2025-10-26,DELIVERED
154,894,17,4,2025-12-14,SHIPPED
155,298,3,2,2025-12-07,DELIVERED
156,892,2,4,2025-11-17,CANCELLED
157,941,6,2,2025-10-22,CANCELLED
158,211,39,5,2025-12-10,DELIVERED
159,440,10,1,2025-12-10,SHIPPED
160,452,17,1,2025-11-16,PENDING
161,416,47,5,2025-11-08,DELIVERED
162,542,8,5,2025-11-23,CANCELLED
163,424,11,5,2025-10-28,PENDING
164,888,34,5,2025-12-11,CANCELLED
165,595,32,4,2025-10-27,CANCELLED
166,271,30,5,2025-11-14,DELIVERED
167,751,48,3,2025-11-09,PENDING
168,555,26,3,2025-11-01,PENDING
169,263,24,2,2025-11-09,PENDING
170,602,48,5,2025-10-22,CANCELLED
171,423,18,5,2025-12-08,CANCELLED
172,202,41,3,2025-12-13,DELIVERED
173,7,42,4,2025-11-09,PENDING
174,917,50,2,2025-12-15,PENDING
175,987,21,5,2025-10-24,CANCELLED
176,697,50,1,2025-12-03,PENDING
177,768,37,5,2025-10-30,PENDING
178,498,34,1,2025-11-04,CANCELLED
179,778,2,5,2025-11-04,DELIVERED
180,306,48,4,2025-12-05,SHIPPED
181,673,14,5,2025-11-05,PENDING
182,229,36,5,2025-11-20,SHIPPED
183,79,7,2,2025-10-21,SHIPPED
184,44,14,3,2025-10-26,SHIPPED
185,897,18,3,2025-10-30,CANCELLED
186,808,37,2,2025-11-14,SHIPPED
187,102,18,5,2025-12-19,SHIPPED
188,613,46,4,2025-10-21,DELIVERED
189,307,15,4,2025-10-27,CANCELLED
190,363,34,2,2025-11-03,
191,38,42,5,2025-12-03,SHIPPED
192,760,4,2,2025-10-28,DELIVERED
193,920,23,5,2025-11-05,SHIPPED
194,762,15,1,2025-12-06,PENDING
195,604,9,3,2025-11-28,DELIVERED
196,304,33,2,2025-11-17,SHIPPED
197,435,10,3,2025-12-07,SHIPPED
198,129,19,5,2025-11-11,PENDING
199,52,23,5,2025-10-27,PENDING
200,927,2,3,2025-11-18,SHIPPED
201,370,47,1,2025-12-17,PENDING
202,925,1,2,2025-12-17,CANCELLED
203,82,12,5,2025-11-22,DELIVERED
204,44,31,5,2025-11-13,CANCELLED
205,893,26,3,2025-10-27,SHIPPED
206,11,27,1,2025-11-08,PENDING
207,981,39,4,2025-11-09,SHIPPED
208,943,32,5,2025-12-11,CANCELLED
209,540,36,5,2025-11-05,DELIVERED
210,759,49,5,2025-12-05,PENDING
211,467,12,2,2025-12-07,SHIPPED
212,723,38,2,2025-12-20,SHIPPED
213,64,43,2,2025-10-31,PENDING
214,458,35,4,2025-12-06,CANCELLED
215,781,15,5,2025-11-03,CANCELLED
216,719,14,4,2025-11-23,DELIVERED
217,506,19,4,2025-12-05,CANCELLED
218,528,13,1,2025-11-10,DELIVERED
219,430,34,1,2025-10-27,SHIPPED
220,750,22,4,2025-10-23,DELIVERED
221,667,1,3,2025-11-07,SHIPPED
222,687,44,2,2025-10-23,SHIPPED
223,790,12,2,2025-12-16,DELIVERED
224,919,15,1,2025-11-21,DELIVERED
225,206,43,1,2025-10-27,PENDING
226,111,49,2,2025-11-27,CANCELLED
227,294,26,5,2025-10-22,CANCELLED
228,562,10,3,2025-11-06,PENDING
229,536,22,3,2025-12-07,DELIVERED
230,601,18,5,2025-10-21,PENDING
231,794,18,5,2025-10-25,DELIVERED
232,279,15,2,2025-10-21,PENDING
233,999999,25,1,2025-11-09,SHIPPED
234,828,14,2,2025-12-17,CANCELLED
235,751,22,4,2025-11-11,DELIVERED
236,730,43,5,2025-11-13,DELIVERED
237,759,30,1,2025-11-26,CANCELLED
238,1000,38,3,2025-12-02,CANCELLED
239,907,10,4,2025-12-05,SHIPPED
240,327,9,4,2025-12-14,PENDING
241,379,20,1,2025-11-01,CANCELLED
242,252,38,4,2025-12-08,SHIPPED
243,331,10,5,2025-11-10,DELIVERED
244,480,41,3,2025-12-20,PENDING
245,390,28,2,2025-10-27,SHIPPED
246,256,29,5,2025-11-07,DELIVERED
247,58,21,1,2025-11-14,SHIPPED
248,518,11,3,2025-12-11,CANCELLED
249,821,25,4,2025-10-26,PENDING
250,809,26,3,2025-12-19,SHIPPED
251,862,5,3,2025-10-23,SHIPPED
252,129,46,5,2025-11-18,PENDING
253,756,27,5,2025-10-27,SHIPPED
254,291,40,3,2025-11-26,DELIVERED
255,351,38,1,2025-11-10,PENDING
256,10,32,2,2025-10-24,DELIVERED
257,981,41,5,2025-10-26,DELIVERED
258,552,13,4,2025-12-15,SHIPPED
259,560,23,3,2025-10-22,DELIVERED
260,719,24,4,2025-12-11,SHIPPED
261,264,11,5,2025-11-09,SHIPPED
262,233,31,5,2025-10-26,DELIVERED
263,788,8,3,2025-11-06,SHIPPED
264,688,41,4,2025-11-02,PENDING
265,541,50,3,2025-12-13,DELIVERED
266,264,48,4,2025-12-20,CANCELLED
267,985,28,4,2025-11-02,DELIVERED
268,871,10,3,2025-12-17,PENDING
269,932,5,5,2025-10-23,CANCELLED
270,24,35,4,2025-11-30,DELIVERED
271,891,6,5,2025-11-19,PENDING
272,29,38,4,2025-12-10,SHIPPED
273,953,28,1,2025-12-07,PENDING
274,895,48,3,2025-10-22,CANCELLED
275,78,20,5,2025-11-06,CANCELLED
276,359,12,4,2025-12-10,DELIVERED
277,743,11,1,2025-11-01,DELIVERED
278,350,33,3,2025-11-25,CANCELLED
279,549,47,2,2025-11-09,CANCELLED
280,281,20,4,2025-12-20,CANCELLED
281,496,18,1,2025-11-16,PENDING
282,244,49,3,2025-12-14,CANCELLED
283,480,17,4,2025-10-21,DELIVERED
284,615,48,4,2025-12-18,SHIPPED
285,643,50,1,2025-11-09,SHIPPED
286,528,17,3,2025-10-30,SHIPPED
287,609,46,4,2025-11-10,PENDING
288,787,11,2,2025-12-03,PENDING
289,876,28,1,2025-11-05,PENDING
290,261,36,5,2025-12-09,DELIVERED
291,415,40,4,2025-11-09,SHIPPED
292,922,12,3,2025-11-29,PENDING
293,124,24,5,2025-12-10,SHIPPED
294,601,11,3,2025-12-01,CANCELLED
295,207,46,4,2025-10-28,DELIVERED
296,750,41,4,2025-11-10,DELIVERED
297,861,6,3,2025-10-31,CANCELLED
298,332,35,1,2025-12-17,PENDING
299,480,36,3,2025-11-27,CANCELLED
300,195,4,2,2025-12-14,DELIVERED
301,738,38,1,2025-12-11,CANCELLED
302,400,23,1,2025-11-11,SHIPPED
303,333,8,3,2025-11-03,CANCELLED
304,671,38,5,2025-11-23,DELIVERED
305,869,43,4,2025-12-09,DELIVERED
306,701,15,2,2025-12-09,SHIPPED
307,770,5,5,2025-12-09,DELIVERED
308,49,41,3,2025-12-01,CANCELLED
309,868,26,3,2025-10-24,DELIVERED
310,354,38,2,2025-12-11,DELIVERED
311,169,33,2,2025-12-14,PENDING
312,59,15,1,2025-11-15,DELIVERED
313,161,12,5,2025-11-11,SHIPPED
314,994,17,5,2025-12-16,PENDING
315,79,9,3,2025-11-05,SHIPPED
316,104,46,3,2025-11-28,SHIPPED
317,999999,41,3,2025-10-27,SHIPPED
318,514,36,5,2025-12-08,CANCELLED
319,313,20,1,2025-10-21,DELIVERED
320,241,10,5,2025-12-09,CANCELLED
321,512,30,4,2025-12-07,DELIVERED
322,530,27,2,2025-11-08,PENDING
323,699,2,4,2025-10-28,PENDING
324,675,22,5,2025-12-11,DELIVERED
325,155,8,2,2025-10-28,DELIVERED
326,764,43,3,2025-12-06,SHIPPED
327,72,46,2,2025-11-18,SHIPPED
328,719,34,5,2025-11-05,DELIVERED
329,301,17,4,2025-11-29,SHIPPED
330,36,30,5,2025-11-08,SHIPPED
331,71,29,5,2025-10-25,SHIPPED
332,856,33,2,2025-11-14,SHIPPED
333,81,5,5,2025-10-27,PENDING
334,44,18,2,2025-11-10,CANCELLED
335,421,17,5,2025-12-04,SHIPPED
336,266,20,2,2025-12-13,PENDING
337,918,43,5,2025-12-13,SHIPPED
338,884,43,2,2025-11-15,PENDING
339,142,9,4,2025-12-05,SHIPPED
340,302,15,3,2025-11-06,SHIPPED
341,339,11,1,2025-10-26,SHIPPED
342,131,31,5,2025-11-28,SHIPPED
343,891,38,4,2025-11-12,PENDING
344,863,42,4,2025-12-12,PENDING
345,699,45,1,2025-11-17,PENDING
346,517,3,2,2025-12-10,PENDING
347,6,12,5,2025-11-18,PENDING
348,147,27,5,2025-11-19,PENDING
349,419,3,2,2025-11-15,DELIVERED
350,972,32,3,2025-10-27,PENDING
351,329,5,3,2025-11-18,DELIVERED
352,746,6,1,2025-11-19,PENDING
353,972,15,1,2025-10-25,CANCELLED
354,310,48,1,2025-12-04,PENDING
355,173,42,5,2025-11-14,DELIVERED
356,267,42,3,2025-12-14,CANCELLED
357,373,38,5,2025-11-14,DELIVERED
358,565,22,1,2025-11-05,CANCELLED
359,293,11,5,2025-11-03,SHIPPED
360,716,23,4,2025-12-09,DELIVERED
361,982,32,5,2025-11-16,CANCELLED
362,478,48,3,2025-11-06,SHIPPED
363,196,8,5,2025-11-22,PENDING
364,93,47,3,2025-12-14,SHIPPED
365,573,35,3,2025-11-19,PENDING
366,281,35,3,2025-11-24,CANCELLED
367,835,12,1,2025-12-05,PENDING
368,727,8,5,2025-10-26,DELIVERED
369,120,20,4,2025-12-18,DELIVERED
370,731,1,4,2025-11-03,DELIVERED
371,514,31,1,2025-10-23,CANCELLED
372,535,45,2,2025-12-18,SHIPPED
373,771,9,3,2025-12-16,SHIPPED
374,55,35,2,2025-12-01,CANCELLED
375,281,36,4,2025-10-23,SHIPPED
376,957,50,5,2025-11-28,CANCELLED
377,291,50,5,2025-12-09,DELIVERED
378,338,9,3,2025-11-11,PENDING
379,183,29,5,2025-11-23,PENDING
380,77,40,3,2025-10-25,DELIVERED
381,835,22,3,2025-12-08,DELIVERED
382,999999,22,3,2025-10-31,DELIVERED
383,975,38,3,2025-10-29,PENDING
384,858,50,5,2025-12-06,DELIVERED
385,775,27,5,2025-11-13,SHIPPED
386,148,15,5,2025-10-31,PENDING
387,286,2,1,2025-11-05,PENDING
388,540,33,2,2025-12-19,CANCELLED
389,119,35,5,2025-12-19,SHIPPED
390,439,40,3,2025-11-16,PENDING
391,606,11,5,2025-11-26,PENDING
392,277,43,4,2025-10-30,DELIVERED
393,77,7,4,2025-11-09,SHIPPED
394,158,13,5,2025-10-22,CANCELLED
395,795,29,4,2025-11-06,PENDING
396,133,15,5,2025-11-07,CANCELLED
397,502,48,3,2025-11-07,CANCELLED
398,452,16,4,2025-11-03,DELIVERED
399,185,31,2,2025-10-21,PENDING
400,784,18,5,2025-11-16,SHIPPED
401,178,23,5,2025-11-23,PENDING
402,774,12,2,2025-11-24,CANCELLED
403,692,22,4,2025-12-18,SHIPPED
404,435,16,5,2025-12-03,PENDING
405,159,21,4,2025-10-25,DELIVERED
406,782,49,4,2025-11-18,DELIVERED
407,831,46,4,2025-12-17,CANCELLED
408,894,46,1,2025-12-10,DELIVERED
409,582,2,4,2025-12-17,PENDING
410,353,28,1,2025-11-05,PENDING
411,191,36,2,2025-12-17,SHIPPED
412,399,23,2,2025-12-14,PENDING
413,775,41,2,2025-12-16,DELIVERED
414,118,25,4,2025-11-24,SHIPPED
415,635,21,5,2025-12-11,PENDING
416,634,32,2,2025-11-26,PENDING
417,545,22,3,2025-11-17,DELIVERED
418,386,44,1,2025-10-25,PENDING
419,12,37,1,2025-11-13,PENDING
420,934,41,4,2025-11-03,SHIPPED
421,476,24,1,2025-10-26,PENDING
422,610,31,5,2025-11-18,SHIPPED
423,782,46,5,2025-12-20,CANCELLED
424,864,28,5,2025-11-25,PENDING
425,223,28,4,2025-11-21,SHIPPED
426,185,4,1,2025-12-07,SHIPPED
427,107,15,2,2025-11-08,PENDING
428,232,5,1,2025-10-26,DELIVERED
429,171,34,2,2025-12-01,DELIVERED
430,804,25,4,2025-12-08,CANCELLED
431,276,44,4,2025-12-16,SHIPPED
432,265,29,4,2025-12-14,PENDING
433,854,30,1,2025-10-30,DELIVERED
434,653,48,3,2025-12-12,SHIPPED
435,98,39,1,2025-11-08,CANCELLED
436,181,30,3,2025-12-04,CANCELLED
437,345,46,3,2025-11-24,CANCELLED
438,947,46,3,2025-10-29,SHIPPED
439,468,41,4,2025-12-01,PENDING
440,965,44,1,2025-12-02,SHIPPED
441,911,5,1,2025-12-08,CANCELLED
442,474,16,2,2025-11-27,DELIVERED
443,261,30,2,2025-11-29,PENDING
444,393,48,1,2025-10-30,CANCELLED
445,510,24,1,2025-12-14,CANCELLED
446,8,48,5,2025-11-13,SHIPPED
447,802,36,2,2025-12-11,PENDING
448,676,43,4,2025-12-16,PENDING
449,712,13,5,2025-12-14,DELIVERED
450,836,45,3,2025-11-15,SHIPPED
451,481,41,5,2025-10-21,PENDING
452,413,49,5,2025-11-11,SHIPPED
453,581,9,2,2025-10-23,DELIVERED
454,373,31,1,2025-11-01,CANCELLED
455,358,29,5,2025-11-22,PENDING
456,80,15,1,2025-11-03,SHIPPED
457,529,30,5,2025-12-11,DELIVERED
458,883,28,4,2025-11-17,PENDING
459,965,17,5,2025-10-21,CANCELLED
460,893,27,2,2025-10-29,SHIPPED
461,873,7,1,2025-11-05,SHIPPED
462,581,10,3,2025-11-28,PENDING
463,829,41,1,2025-10-23,DELIVERED
464,682,38,5,2025-11-01,SHIPPED
465,393,42,5,2025-11-05,PENDING
466,160,18,1,2025-12-03,SHIPPED
467,274,45,3,2025-12-16,SHIPPED
468,553,38,3,2025-11-04,DELIVERED
469,39,32,5,2025-11-17,PENDING
470,537,46,4,2025-10-25,CANCELLED
471,892,45,1,2025-11-15,SHIPPED
472,198,17,5,2025-11-21,PENDING
473,451,29,4,2025-11-10,SHIPPED
474,428,28,2,2025-11-21,DELIVERED
475,212,28,1,2025-10-31,CANCELLED
476,316,17,2,2025-11-16,PENDING
477,655,15,4,2025-12-10,SHIPPED
478,616,47,1,2025-11-26,PENDING
479,144,21,2,2025-11-15,DELIVERED
480,44,48,5,2025-11-14,PENDING
481,342,43,3,2025-12-18,
482,999999,44,2,2025-11-30,DELIVERED
483,723,45,5,2025-11-07,DELIVERED
484,288,44,3,2025-11-27,PENDING
485,960,4,1,2025-12-20,SHIPPED
486,137,45,3,2025-11-17,CANCELLED
487,347,39,5,2025-12-16,DELIVERED
488,66,31,4,2025-12-12,SHIPPED
489,374,41,2,2025-11-25,PENDING
490,790,13,3,2025-10-26,DELIVERED
491,303,7,3,2025-11-08,DELIVERED
492,966,24,1,2025-11-04,SHIPPED
493,710,8,2,2025-10-29,PENDING
494,595,37,2,2025-10-26,CANCELLED
495,430,46,4,2025-12-07,DELIVERED
496,786,3,2,2025-11-27,SHIPPED
497,139,2,2,2025-11-26,CANCELLED
498,750,16,4,2025-10-27,DELIVERED
499,277,2,4,2025-11-21,SHIPPED
500,177,12,1,2025-11-14,PENDING
501,686,35,5,2025-12-03,DELIVERED
502,818,49,5,2025-11-06,CANCELLED
503,10,21,3,2025-10-21,SHIPPED
504,749,17,4,2025-12-11,DELIVERED
505,418,42,4,2025-12-07,SHIPPED
506,264,7,4,2025-11-25,SHIPPED
507,757,28,2,2025-12-09,DELIVERED
508,309,4,1,2025-10-27,PENDING
509,39,28,3,2025-11-05,SHIPPED
510,975,6,3,2025-12-12,CANCELLED
511,150,39,5,2025-12-04,PENDING
512,585,34,2,2025-12-08,CANCELLED
513,198,49,1,2025-11-06,SHIPPED
514,974,20,4,2025-12-18,DELIVERED
515,618,10,2,2025-11-17,DELIVERED
516,690,31,4,2025-12-05,DELIVERED
517,999999,31,3,2025-10-25,SHIPPED
518,253,36,2,2025-11-16,PENDING
519,214,24,4,2025-12-09,DELIVERED
520,740,5,4,2025-12-08,DELIVERED
521,34,41,1,2025-11-18,PENDING
522,343,40,5,2025-11-07,CANCELLED
523,292,13,4,2025-12-06,SHIPPED
524,109,17,4,2025-11-09,SHIPPED
525,900,25,3,2025-10-29,PENDING
526,556,17,4,2025-11-27,PENDING
527,895,23,2,2025-12-09,CANCELLED
528,597,33,4,2025-11-14,SHIPPED
529,728,24,1,2025-10-21,SHIPPED
530,969,25,4,2025-11-08,SHIPPED
531,847,46,2,2025-12-06,CANCELLED
532,834,42,2,2025-10-28,SHIPPED
533,834,12,5,2025-12-20,DELIVERED
534,502,40,3,2025-12-06,DELIVERED
535,813,20,2,2025-11-06,SHIPPED
536,170,25,3,2025-12-11,CANCELLED
537,536,49,1,2025-11-16,PENDING
538,733,11,2,2025-11-21,SHIPPED
539,361,32,5,2025-11-20,PENDING
540,224,12,4,2025-12-18,SHIPPED
541,681,16,4,2025-12-10,PENDING
542,88,39,5,2025-11-11,DELIVERED
543,894,5,2,2025-10-25,PENDING
544,630,28,2,2025-12-19,DELIVERED
545,533,36,1,2025-11-24,PENDING
546,19,26,4,2025-11-01,CANCELLED
547,830,49,2,2025-11-12,SHIPPED
548,559,46,1,2025-11-12,CANCELLED
549,888,28,4,2025-12-10,CANCELLED
550,892,7,5,2025-12-19,CANCELLED
551,363,29,1,2025-12-01,PENDING
552,188,7,4,2025-11-20,SHIPPED
553,233,29,1,2025-11-08,PENDING
554,977,20,1,2025-11-06,DELIVERED
555,666,47,2,2025-12-06,PENDING
556,187,47,1,2025-11-07,DELIVERED
557,324,4,3,2025-11-22,DELIVERED
558,749,44,1,2025-11-24,PENDING
559,843,3,1,2025-12-01,PENDING
560,921,36,3,2025-12-07,SHIPPED
561,190,45,1,2025-12-18,CANCELLED
562,638,17,2,2025-11-15,DELIVERED
563,999999,37,5,2025-10-26,SHIPPED
564,592,24,1,2025-11-18,SHIPPED
565,569,29,3,2025-11-01,DELIVERED
566,191,47,4,2025-11-19,CANCELLED
567,820,7,3,2025-12-14,PENDING
568,657,2,5,2025-11-06,DELIVERED
569,666,40,1,2025-11-24,CANCELLED
570,505,19,1,2025-12-09,PENDING
571,948,11,5,2025-11-07,CANCELLED
572,898,8,5,2025-11-28,DELIVERED
573,652,4,2,2025-12-02,DELIVERED
574,665,3,5,2025-10-27,DELIVERED
575,890,27,4,2025-10-28,SHIPPED
576,220,44,1,2025-12-08,DELIVERED
577,677,26,5,2025-12-08,PENDING
578,716,30,2,2025-12-09,PENDING
579,688,27,3,2025-12-12,CANCELLED
580,901,28,4,2025-11-30,DELIVERED
581,884,15,3,2025-11-24,SHIPPED
582,960,2,3,2025-11-28,DELIVERED
583,725,30,5,2025-11-04,PENDING
584,297,44,1,2025-11-03,SHIPPED
585,910,13,3,2025-12-01,SHIPPED
586,775,36,5,2025-12-15,DELIVERED
587,907,12,5,2025-11-10,CANCELLED
588,125,20,5,2025-12-02,CANCELLED
589,24,1,5,2025-11-17,CANCELLED
590,198,47,5,2025-12-17,CANCELLED
591,163,4,4,2025-11-14,CANCELLED
592,932,48,3,2025-12-11,CANCELLED
593,999999,17,3,2025-12-09,DELIVERED
594,652,49,5,2025-11-05,DELIVERED
595,314,19,5,2025-12-15,SHIPPED
596,19,21,1,2025-11-18,PENDING
597,582,18,3,2025-11-24,DELIVERED
598,174,45,3,2025-11-28,SHIPPED
599,621,1,3,2025-10-30,PENDING
600,363,22,2,2025-11-12,CANCELLED
601,55,23,5,2025-10-25,PENDING
602,315,45,2,2025-12-05,SHIPPED
603,56,41,3,2025-12-18,SHIPPED
604,410,12,2,2025-10-22,SHIPPED
605,532,31,2,2025-11-06,CANCELLED
606,637,6,2,2025-12-03,SHIPPED
607,83,5,5,2025-11-14,SHIPPED
608,748,26,4,2025-11-04,SHIPPED
609,629,34,2,2025-10-25,PENDING
610,855,38,3,2025-12-09,SHIPPED
611,523,49,2,2025-11-28,CANCELLED
612,783,8,4,2025-11-24,PENDING
613,586,29,2,2025-12-02,CANCELLED
614,679,15,1,2025-12-08,DELIVERED
615,918,12,3,2025-12-03,CANCELLED
616,269,21,4,2025-12-03,DELIVERED
617,704,28,4,2025-11-30,SHIPPED
618,402,12,1,2025-12-02,SHIPPED
619,201,11,4,2025-10-24,PENDING
620,123,36,1,2025-11-03,SHIPPED
621,25,23,4,2025-12-06,DELIVERED
622,203,9,4,2025-11-10,CANCELLED
623,538,14,3,2025-11-23,DELIVERED
624,557,12,4,2025-11-04,SHIPPED
625,788,37,5,2025-12-10,CANCELLED
626,806,33,5,2025-12-17,CANCELLED
627,918,6,5,2025-12-10,PENDING
628,999999,33,4,2025-11-12,CANCELLED
629,485,39,1,2025-12-15,PENDING
630,642,28,3,2025-12-17,PENDING
631,982,13,3,2025-12-20,CANCELLED
632,481,10,1,2025-12-06,CANCELLED
633,989,15,2,2025-12-16,DELIVERED
634,607,25,3,2025-11-22,DELIVERED
635,997,25,1,2025-11-29,DELIVERED
636,621,41,4,2025-11-21,DELIVERED
637,555,22,1,2025-10-29,SHIPPED
638,852,31,1,2025-10-24,SHIPPED
639,701,25,5,2025-11-15,PENDING
640,529,41,5,2025-12-13,SHIPPED
641,947,28,2,2025-10-28,PENDING
642,15,19,5,2025-12-09,DELIVERED
643,525,7,5,2025-11-01,PENDING
644,699,22,1,2025-11-18,PENDING
645,812,47,3,2025-10-24,CANCELLED
646,905,10,4,2025-11-23,SHIPPED
647,814,15,4,2025-10-21,PENDING
648,474,37,5,2025-11-06,CANCELLED
649,607,50,5,2025-11-18,DELIVERED
650,684,44,3,2025-12-12,CANCELLED
651,597,50,4,2025-10-25,SHIPPED
652,822,22,1,2025-11-22,PENDING
653,708,18,3,2025-12-08,DELIVERED
654,610,42,5,2025-11-29,DELIVERED
655,155,43,2,2025-12-11,PENDING
656,724,5,1,2025-10-25,DELIVERED
657,727,39,4,2025-10-31,SHIPPED
658,973,7,5,2025-11-30,CANCELLED
659,143,22,4,2025-11-19,SHIPPED
660,352,19,5,2025-11-17,SHIPPED
661,451,50,3,2025-12-16,CANCELLED
662,774,37,4,2025-12-13,DELIVERED
663,616,13,5,2025-11-22,CANCELLED
664,544,45,3,2025-10-22,PENDING
665,160,24,5,2025-11-17,SHIPPED
666,184,19,3,2025-10-31,PENDING
667,570,5,3,2025-12-08,DELIVERED
668,125,38,3,2025-11-27,PENDING
669,256,26,2,2025-11-24,CANCELLED
670,419,39,4,2025-11-09,CANCELLED
671,275,6,1,2025-12-18,CANCELLED
672,675,5,4,2025-11-30,PENDING
673,603,5,5,2025-12-16,PENDING
674,189,14,1,2025-12-04,PENDING
675,212,6,4,2025-12-13,DELIVERED
676,537,15,5,2025-12-13,PENDING
677,761,31,1,2025-11-09,PENDING
678,142,21,2,2025-11-29,SHIPPED
679,489,18,4,2025-12-03,DELIVERED
680,999,3,2,2025-11-07,CANCELLED
681,751,43,5,2025-10-30,PENDING
682,432,1,5,2025-10-31,CANCELLED
683,721,9,2,2025-11-16,PENDING
684,698,4,1,2025-10-31,DELIVERED
685,396,19,1,2025-11-12,PENDING
686,960,27,5,2025-12-13,PENDING
687,632,18,5,2025-11-07,PENDING
688,771,11,1,2025-12-08,SHIPPED
689,835,2,5,2025-11-11,PENDING
690,676,35,3,2025-11-07,SHIPPED
691,354,15,1,2025-11-20,CANCELLED
692,105,12,2,2025-11-27,CANCELLED
693,252,18,3,2025-10-27,DELIVERED
694,990,47,2,2025-11-23,CANCELLED
695,30,35,5,2025-12-03,SHIPPED
696,318,27,1,2025-11-11,SHIPPED
697,721,37,2,2025-11-03,SHIPPED
698,160,47,1,2025-11-01,PENDING
699,277,11,2,2025-11-07,CANCELLED
700,58,43,5,2025-10-22,SHIPPED
701,403,27,3,2025-12-10,PENDING
702,856,3,5,2025-10-25,DELIVERED
703,594,8,1,2025-11-03,PENDING
704,777,39,5,2025-12-07,PENDING
705,842,37,4,2025-11-26,SHIPPED
706,249,45,5,2025-12-02,PENDING
707,949,48,2,2025-11-07,SHIPPED
708,946,38,4,2025-10-31,PENDING
709,930,39,2,2025-12-14,CANCELLED
710,281,23,4,2025-12-02,CANCELLED
711,640,48,4,2025-11-17,SHIPPED
712,10,23,4,2025-11-16,SHIPPED
713,356,36,3,2025-10-25,CANCELLED
714,38,45,1,2025-12-14,PENDING
715,940,1,2,2025-11-28,DELIVERED
716,349,21,2,2025-12-08,CANCELLED
717,4,38,2,2025-11-29,DELIVERED
718,727,23,4,2025-10-22,CANCELLED
719,289,27,4,2025-11-21,CANCELLED
720,530,11,5,2025-11-10,DELIVERED
721,669,40,5,2025-11-29,SHIPPED
722,150,11,2,2025-11-17,PENDING
723,965,24,4,2025-11-25,SHIPPED
724,884,31,2,2025-11-14,SHIPPED
725,782,23,2,2025-11-24,CANCELLED
726,615,8,2,2025-11-19,DELIVERED
727,923,14,1,2025-11-28,CANCELLED
728,180,1,3,2025-11-02,CANCELLED
729,698,1,5,2025-11-17,SHIPPED
730,681,39,3,2025-12-12,CANCELLED
731,495,26,5,2025-11-13,PENDING
732,393,13,2,2025-11-19,DELIVERED
733,62,41,3,2025-12-05,CANCELLED
734,984,25,2,2025-11-21,CANCELLED
735,997,11,1,2025-12-04,SHIPPED
736,208,18,5,2025-11-18,CANCELLED
737,383,29,4,2025-12-11,PENDING
738,495,20,1,2025-10-30,CANCELLED
739,298,9,4,2025-11-18,CANCELLED
740,761,20,4,2025-11-29,DELIVERED
741,745,5,1,2025-12-10,CANCELLED
742,722,11,3,2025-10-31,SHIPPED
743,533,19,4,2025-12-15,DELIVERED
744,122,50,3,2025-12-10,DELIVERED
745,337,44,5,2025-12-17,SHIPPED
746,66,36,4,2025-11-17,PENDING
747,202,31,3,2025-12-20,PENDING
748,606,34,2,2025-10-23,CANCELLED
749,776,50,4,2025-10-27,DELIVERED
750,326,8,5,2025-10-22,SHIPPED
751,637,47,5,2025-12-05,SHIPPED
752,574,6,4,2025-11-10,SHIPPED
753,8,47,2,2025-11-07,CANCELLED
754,43,31,2,2025-12-19,CANCELLED
755,55,35,2,2025-12-05,PENDING
756,181,12,3,2025-10-25,DELIVERED
757,155,46,2,2025-10-22,DELIVERED
758,444,9,5,2025-12-14,SHIPPED
759,774,41,1,2025-11-16,SHIPPED
760,716,19,4,2025-11-21,SHIPPED
761,677,49,5,2025-11-27,PENDING
762,898,13,1,2025-11-14,SHIPPED
763,519,30,2,2025-11-08,SHIPPED
764,449,47,1,2025-12-06,CANCELLED
765,181,6,3,2025-11-01,PENDING
766,61,7,1,2025-12-03,DELIVERED
767,971,38,4,2025-12-17,PENDING
768,470,23,2,2025-10-28,DELIVERED
769,17,23,3,2025-10-22,PENDING
770,125,42,2,2025-11-14,PENDING
771,431,35,3,2025-12-05,DELIVERED
772,683,15,1,2025-11-12,DELIVERED
773,535,26,3,2025-10-22,SHIPPED
774,454,1,2,2025-10-31,DELIVERED
775,531,46,2,2025-10-31,
776,141,23,1,2025-12-17,DELIVERED
777,212,4,2,2025-12-03,SHIPPED
778,277,6,2,2025-12-18,PENDING
779,474,43,3,2025-12-13,SHIPPED
780,574,2,2,2025-11-13,DELIVERED
781,941,18,1,2025-12-17,SHIPPED
782,241,1,4,2025-10-31,PENDING
783,28,30,5,2025-12-11,DELIVERED
784,352,48,4,2025-12-03,CANCELLED
785,927,20,3,2025-10-25,DELIVERED
786,833,16,3,2025-11-23,DELIVERED
787,9,43,3,2025-12-05,SHIPPED
788,130,11,2,2025-11-17,DELIVERED
789,713,16,1,2025-11-18,CANCELLED
790,74,13,2,2025-11-19,DELIVERED
791,12,39,5,2025-11-26,PENDING
792,913,34,5,2025-10-27,CANCELLED
793,177,13,5,2025-10-21,CANCELLED
794,572,2,3,2025-10-27,PENDING
795,846,8,3,2025-10-31,CANCELLED
796,551,46,1,2025-12-19,PENDING
797,119,35,3,2025-11-06,CANCELLED
798,927,50,4,2025-11-04,SHIPPED
799,675,30,3,2025-12-04,CANCELLED
800,129,47,3,2025-11-30,CANCELLED
801,418,12,1,2025-11-23,DELIVERED
802,581,20,5,2025-12-09,CANCELLED
803,124,41,4,2025-12-08,DELIVERED
804,419,34,3,2025-10-22,CANCELLED
805,809,20,3,2025-11-23,CANCELLED
806,697,50,3,2025-12-04,SHIPPED
807,793,44,1,2025-11-24,CANCELLED
808,615,27,1,2025-11-26,DELIVERED
809,559,18,3,2025-11-29,PENDING
810,755,5,5,2025-11-28,CANCELLED
811,966,5,5,2025-12-12,SHIPPED
812,106,33,4,2025-10-29,PENDING
813,171,18,4,2025-11-12,DELIVERED
814,791,35,5,2025-11-24,DELIVERED
815,602,19,1,2025-10-25,SHIPPED
816,689,31,5,2025-12-20,PENDING
817,458,19,5,2025-11-14,CANCELLED
818,727,41,1,2025-10-30,CANCELLED
819,19,4,4,2025-12-19,CANCELLED
820,366,36,3,2025-10-26,PENDING
821,714,45,4,2025-11-03,DELIVERED
822,172,46,5,2025-11-10,DELIVERED
823,735,21,2,2025-12-19,DELIVERED
824,293,13,1,2025-12-18,DELIVERED
825,25,13,3,2025-10-27,DELIVERED
826,938,5,2,2025-11-29,PENDING
827,513,19,2,2025-11-19,DELIVERED
828,811,38,5,2025-10-29,SHIPPED
829,313,14,5,2025-11-17,DELIVERED
830,999999,38,4,2025-11-20,DELIVERED
831,69,29,4,2025-11-25,PENDING
832,477,8,5,2025-11-15,SHIPPED
833,677,30,2,2025-11-07,CANCELLED
834,171,50,3,2025-11-27,PENDING
835,78,33,1,2025-12-13,SHIPPED
836,462,45,5,2025-12-04,CANCELLED
837,406,2,1,2025-12-05,DELIVERED
838,261,7,5,2025-11-07,CANCELLED
839,469,43,4,2025-12-20,SHIPPED
840,258,42,3,2025-12-12,PENDING
841,445,21,1,2025-11-02,PENDING
842,609,10,1,2025-10-24,SHIPPED
843,240,38,2,2025-12-16,PENDING
844,385,32,3,2025-10-24,PENDING
845,486,43,1,2025-12-06,SHIPPED
846,661,28,4,2025-12-17,PENDING
847,264,46,1,2025-11-25,CANCELLED
848,354,7,4,2025-12-12,CANCELLED
849,915,35,3,2025-12-15,SHIPPED
850,963,20,1,2025-10-25,PENDING
851,576,49,5,2025-11-24,CANCELLED
852,999999,30,1,2025-11-03,DELIVERED
853,849,14,4,2025-11-23,DELIVERED
854,8,6,4,2025-10-28,CANCELLED
855,36,40,2,2025-11-04,CANCELLED
856,402,17,4,2025-12-04,SHIPPED
857,595,50,4,2025-11-16,SHIPPED
858,426,27,4,2025-11-05,SHIPPED
859,446,14,3,2025-11-25,PENDING
860,263,18,2,2025-11-06,DELIVERED
861,231,39,2,2025-11-12,DELIVERED
862,685,49,5,2025-12-03,CANCELLED
863,998,13,1,2025-10-22,CANCELLED
864,467,13,1,2025-11-27,CANCELLED
865,137,43,5,2025-11-13,DELIVERED
866,654,41,2,2025-12-20,CANCELLED
867,32,29,1,2025-11-06,PENDING
868,213,34,3,2025-11-21,PENDING
869,761,7,5,2025-12-19,CANCELLED
870,227,45,4,2025-12-07,SHIPPED
871,814,3,1,2025-11-02,CANCELLED
872,880,22,1,2025-12-07,PENDING
873,547,8,1,2025-11-06,SHIPPED
874,755,44,2,2025-11-05,SHIPPED
875,808,5,3,2025-12-13,SHIPPED
876,783,18,5,2025-11-23,CANCELLED
877,676,36,2,2025-10-28,CANCELLED
878,158,17,1,2025-12-02,DELIVERED
879,458,29,5,2025-11-01,DELIVERED
880,760,24,1,2025-10-25,PENDING
881,256,43,1,2025-12-01,PENDING
882,86,49,5,2025-11-30,CANCELLED
883,43,30,2,2025-11-11,CANCELLED
884,901,42,3,2025-11-29,DELIVERED
885,675,38,2,2025-11-28,CANCELLED
886,279,20,1,2025-12-10,SHIPPED
887,83,41,4,2025-11-16,PENDING
888,464,22,2,2025-12-01,SHIPPED
889,192,19,3,2025-11-13,PENDING
890,689,39,2,2025-11-06,CANCELLED
891,920,31,2,2025-10-30,DELIVERED
892,987,34,1,2025-11-08,CANCELLED
893,37,49,5,2025-11-19,SHIPPED
894,705,7,3,2025-12-03,PENDING
895,803,6,4,2025-10-24,DELIVERED
896,1,4,3,2025-12-02,DELIVERED
897,270,29,3,2025-11-16,DELIVERED
898,945,37,5,2025-12-03,SHIPPED
899,38,15,5,2025-11-28,CANCELLED
900,213,2,5,2025-11-24,CANCELLED
901,198,3,2,2025-11-06,PENDING
902,322,48,4,2025-11-13,CANCELLED
903,492,20,2,2025-10-30,SHIPPED
904,517,23,3,2025-11-21,SHIPPED
905,195,44,4,2025-10-30,DELIVERED
906,93,11,3,2025-11-15,CANCELLED
907,852,40,4,2025-12-06,SHIPPED
908,421,17,4,2025-10-27,PENDING
909,243,9,2,2025-12-01,DELIVERED
910,353,8,2,2025-10-25,CANCELLED
911,10,35,1,2025-10-29,SHIPPED
912,591,30,3,2025-12-19,DELIVERED
913,78,19,1,2025-12-06,PENDING
914,274,29,4,2025-10-31,DELIVERED
915,168,11,2,2025-11-06,CANCELLED
916,790,20,5,2025-11-29,PENDING
917,973,8,4,2025-12-04,DELIVERED
918,828,14,5,2025-12-06,CANCELLED
919,373,8,3,2025-12-20,SHIPPED
920,55,48,2,2025-11-06,CANCELLED
921,350,26,5,2025-12-17,PENDING
922,445,23,2,2025-10-28,DELIVERED
923,720,9,5,2025-10-23,PENDING
924,684,38,4,2025-11-25,
925,362,42,3,2025-10-23,PENDING
926,95,38,4,2025-11-13,SHIPPED
927,575,19,3,2025-11-05,CANCELLED
928,573,9,3,2025-11-05,SHIPPED
929,756,32,1,2025-11-20,PENDING
930,497,43,5,2025-10-21,SHIPPED
931,986,3,5,2025-12-17,PENDING
932,994,49,5,2025-11-07,DELIVERED
933,588,9,3,2025-12-05,CANCELLED
934,625,25,5,2025-11-15,SHIPPED
935,767,6,4,2025-12-04,CANCELLED
936,758,27,5,2025-12-01,DELIVERED
937,68,28,3,2025-11-26,DELIVERED
938,237,27,1,2025-12-17,DELIVERED
939,121,33,1,2025-12-04,SHIPPED
940,340,43,5,2025-10-28,DELIVERED
941,508,4,1,2025-11-17,PENDING
942,167,22,2,2025-11-10,DELIVERED
943,490,45,2,2025-11-09,DELIVERED
944,384,37,3,2025-11-10,DELIVERED
945,635,49,4,2025-11-15,PENDING
946,831,34,1,2025-12-09,CANCELLED
947,737,9,2,2025-11-28,CANCELLED
948,689,43,5,2025-11-20,CANCELLED
949,748,16,1,2025-11-21,CANCELLED
950,765,3,1,2025-11-24,DELIVERED
951,386,18,3,2025-11-01,DELIVERED
952,778,2,2,2025-12-05,SHIPPED
953,671,44,5,2025-10-29,CANCELLED
954,64,33,4,2025-11-12,CANCELLED
955,785,4,4,2025-10-27,DELIVERED
956,876,33,4,2025-11-12,DELIVERED
957,245,9,2,2025-12-02,PENDING
958,113,39,1,2025-11-28,PENDING
959,497,3,5,2025-10-26,CANCELLED
960,460,15,1,2025-11-09,CANCELLED
961,685,31,4,2025-11-05,CANCELLED
962,643,11,3,2025-11-11,PENDING
963,857,29,4,2025-12-05,CANCELLED
964,705,40,1,2025-10-30,CANCELLED
965,570,45,3,2025-11-30,PENDING
966,516,31,3,2025-12-16,DELIVERED
967,757,15,1,2025-10-29,SHIPPED
968,174,3,3,2025-12-14,PENDING
969,273,10,1,2025-11-06,PENDING
970,957,3,1,2025-11-04,PENDING
971,337,24,3,2025-11-25,SHIPPED
972,561,7,5,2025-11-09,SHIPPED
973,607,44,2,2025-10-22,CANCELLED
974,850,3,4,2025-11-11,SHIPPED
975,534,32,5,2025-11-21,PENDING
976,435,14,1,2025-11-26,CANCELLED
977,167,7,5,2025-10-22,PENDING
978,580,7,5,2025-11-05,CANCELLED
979,164,27,3,2025-11-30,PENDING
980,63,45,1,2025-12-03,CANCELLED
981,490,43,1,2025-11-04,CANCELLED
982,982,47,1,2025-12-08,PENDING
983,463,5,3,2025-11-23,PENDING
984,162,39,3,2025-11-30,CANCELLED
985,591,28,5,2025-10-27,CANCELLED
986,168,48,5,2025-11-10,DELIVERED
987,755,32,2,2025-11-13,SHIPPED
988,184,9,3,2025-10-31,CANCELLED
989,155,7,2,2025-11-22,DELIVERED
990,370,6,3,2025-11-07,DELIVERED
991,225,44,5,2025-11-04,SHIPPED
992,199,18,5,2025-12-18,DELIVERED
993,456,33,4,2025-12-01,DELIVERED
994,117,6,2,2025-12-12,SHIPPED
995,569,15,2,2025-12-13,DELIVERED
996,810,43,1,2025-10-23,SHIPPED
997,465,22,1,2025-12-12,DELIVERED
998,3,7,1,2025-11-20,PENDING
999,924,4,2,2025-11-08,CANCELLED
1000,11,31,4,2025-11-16,DELIVERED
1001,693,50,2,2025-12-16,CANCELLED
1002,56,8,2,2025-12-19,CANCELLED
1003,752,1,3,2025-11-13,CANCELLED
1004,525,6,1,2025-10-22,SHIPPED
1005,486,20,2,2025-12-01,CANCELLED
1006,10,30,2,2025-10-24,DELIVERED
1007,678,49,3,2025-11-06,PENDING
1008,674,34,4,2025-12-15,PENDING
1009,999999,40,2,2025-11-23,CANCELLED
1010,419,18,5,2025-10-29,PENDING
1011,830,29,4,2025-10-31,DELIVERED
1012,430,45,3,2025-12-12,PENDING
1013,784,45,2,2025-10-21,SHIPPED
1014,337,8,3,2025-12-05,CANCELLED
1015,35,30,2,2025-11-22,SHIPPED
1016,187,13,2,2025-10-27,CANCELLED
1017,994,48,1,2025-11-19,PENDING
1018,729,36,5,2025-12-11,SHIPPED
1019,31,18,5,2025-12-01,DELIVERED
1020,258,25,5,2025-11-18,DELIVERED
1021,169,25,2,2025-11-09,PENDING
1022,577,8,2,2025-12-20,CANCELLED
1023,470,9,4,2025-11-03,SHIPPED
1024,410,18,3,2025-12-07,DELIVERED
1025,994,22,5,2025-11-30,CANCELLED
1026,869,19,5,2025-12-20,DELIVERED
1027,850,13,5,2025-10-30,SHIPPED
1028,329,22,3,2025-11-03,DELIVERED
1029,593,30,3,2025-11-13,SHIPPED
1030,123,23,4,2025-12-15,PENDING
1031,584,44,5,2025-11-14,SHIPPED
1032,232,42,2,2025-12-06,CANCELLED
1033,37,36,2,2025-10-27,SHIPPED
1034,533,26,2,2025-11-21,DELIVERED
1035,344,2,5,2025-11-09,PENDING
1036,326,18,5,2025-12-03,PENDING
1037,91,39,2,2025-12-09,SHIPPED
1038,731,38,4,2025-12-02,DELIVERED
1039,479,49,4,2025-12-17,CANCELLED
1040,255,24,1,2025-11-19,SHIPPED
1041,807,2,3,2025-10-23,SHIPPED
1042,583,49,1,2025-12-18,CANCELLED
1043,884,15,1,2025-12-09,CANCELLED
1044,784,23,2,2025-10-30,PENDING
1045,395,24,4,2025-10-23,CANCELLED
1046,607,42,5,2025-12-17,
1047,560,43,4,2025-11-27,PENDING
1048,310,39,5,2025-12-02,DELIVERED
1049,788,39,4,2025-11-26,PENDING
1050,357,32,4,2025-12-05,DELIVERED
1051,988,17,3,2025-10-24,CANCELLED
1052,999999,4,3,2025-10-25,DELIVERED
1053,156,7,1,2025-11-18,PENDING
1054,477,25,4,2025-10-25,CANCELLED
1055,226,21,1,2025-11-13,PENDING
1056,283,44,1,2025-12-01,SHIPPED
1057,163,18,4,2025-11-18,SHIPPED
1058,668,41,4,2025-12-02,SHIPPED
1059,303,42,4,2025-12-12,DELIVERED
1060,936,13,5,2025-12-15,CANCELLED
1061,691,19,2,2025-11-09,PENDING
1062,596,50,1,2025-12-14,DELIVERED
1063,350,11,2,2025-11-02,DELIVERED
1064,838,29,3,2025-12-16,DELIVERED
1065,127,31,2,2025-11-09,PENDING
1066,254,17,4,2025-11-01,CANCELLED
1067,993,1,2,2025-11-05,DELIVERED
1068,938,41,2,2025-12-16,PENDING
1069,664,14,2,2025-12-13,PENDING
1070,793,33,4,2025-12-18,DELIVERED
1071,276,50,2,2025-11-17,DELIVERED
1072,791,37,3,2025-10-25,DELIVERED
1073,91,44,5,2025-11-06,CANCELLED
1074,372,50,3,2025-11-29,DELIVERED
1075,110,44,3,2025-11-10,PENDING
1076,277,49,5,2025-11-06,DELIVERED
1077,533,18,5,2025-11-23,SHIPPED
1078,815,24,3,2025-11-10,DELIVERED
1079,737,46,2,2025-11-03,CANCELLED
1080,679,10,2,2025-11-29,SHIPPED
1081,654,23,5,2025-11-29,PENDING
1082,969,28,5,2025-12-16,CANCELLED
1083,359,42,3,2025-11-12,SHIPPED
1084,988,5,4,2025-11-01,PENDING
1085,815,4,1,2025-11-24,SHIPPED
1086,126,4,4,2025-12-04,SHIPPED
1087,628,49,4,2025-11-13,SHIPPED
1088,69,39,3,2025-11-23,DELIVERED
1089,227,22,3,2025-10-28,DELIVERED
1090,409,14,3,2025-11-21,CANCELLED
1091,947,45,1,2025-10-28,CANCELLED
1092,193,31,2,2025-10-23,DELIVERED
1093,600,17,2,2025-12-17,CANCELLED
1094,570,18,1,2025-11-04,SHIPPED
1095,563,42,3,2025-12-07,PENDING
1096,255,7,4,2025-12-18,PENDING
1097,530,35,4,2025-11-13,SHIPPED
1098,101,40,2,2025-12-05,DELIVERED
1099,413,43,5,2025-12-11,DELIVERED
1100,961,30,5,2025-11-06,CANCELLED
1101,823,26,3,2025-10-27,CANCELLED
1102,709,41,5,2025-12-08,PENDING
1103,894,31,2,2025-12-09,CANCELLED
1104,402,20,5,2025-10-25,SHIPPED
1105,796,31,5,2025-11-18,PENDING
1106,428,48,4,2025-12-20,DELIVERED
1107,944,40,2,2025-10-28,SHIPPED
1108,357,48,2,2025-11-26,DELIVERED
1109,46,44,2,2025-10-26,CANCELLED
1110,793,38,2,2025-12-05,CANCELLED
1111,801,44,5,2025-11-06,SHIPPED
1112,587,29,1,2025-10-27,SHIPPED
1113,822,9,1,2025-12-01,SHIPPED
1114,655,44,4,2025-12-16,SHIPPED
1115,262,26,5,2025-11-16,SHIPPED
1116,125,34,5,2025-12-04,DELIVERED
1117,358,20,4,2025-11-14,SHIPPED
1118,538,37,4,2025-11-20,SHIPPED
1119,536,48,1,2025-12-10,PENDING
1120,260,18,3,2025-10-29,CANCELLED
1121,648,44,4,2025-10-30,DELIVERED
1122,773,2,3,2025-12-13,SHIPPED
1123,586,8,2,2025-11-16,DELIVERED
1124,616,21,3,2025-12-11,DELIVERED
1125,122,28,4,2025-11-15,SHIPPED
1126,83,11,5,2025-12-04,PENDING
1127,184,40,3,2025-12-04,SHIPPED
1128,120,3,3,2025-12-07,PENDING
1129,298,9,4,2025-10-21,SHIPPED
1130,490,41,2,2025-10-30,DELIVERED
1131,453,16,5,2025-11-20,SHIPPED
1132,389,44,4,2025-12-13,PENDING
1133,833,10,4,2025-11-29,SHIPPED
1134,137,50,5,2025-11-05,DELIVERED
1135,668,15,2,2025-11-21,CANCELLED
1136,602,49,3,2025-12-20,PENDING
1137,108,21,4,2025-10-27,SHIPPED
1138,92,31,2,2025-11-04,PENDING
1139,359,17,2,2025-12-17,DELIVERED
1140,385,35,5,2025-12-13,PENDING
1141,967,27,5,2025-12-04,PENDING
1142,499,27,3,2025-12-01,PENDING
1143,732,38,1,2025-11-20,PENDING
1144,584,13,5,2025-12-11,DELIVERED
1145,241,30,5,2025-12-10,SHIPPED
1146,71,24,1,2025-10-30,SHIPPED
1147,800,35,1,2025-12-13,SHIPPED
1148,222,36,1,2025-11-03,DELIVERED
1149,817,25,5,2025-11-02,DELIVERED
1150,658,16,1,2025-11-13,SHIPPED
1151,653,17,4,2025-11-03,CANCELLED
1152,539,17,2,2025-11-12,PENDING
1153,794,10,2,2025-12-01,SHIPPED
1154,697,38,4,2025-12-17,SHIPPED
1155,541,13,3,2025-11-29,DELIVERED
1156,598,23,2,2025-11-17,PENDING
1157,998,9,2,2025-10-26,CANCELLED
1158,225,49,4,2025-11-07,SHIPPED
1159,403,39,3,2025-12-19,PENDING
1160,276,1,5,2025-11-17,DELIVERED
1161,777,15,1,2025-12-15,SHIPPED
1162,82,36,3,2025-12-08,CANCELLED
1163,762,16,1,2025-11-24,DELIVERED
1164,500,11,3,2025-11-17,SHIPPED
1165,374,21,5,2025-11-29,SHIPPED
1166,238,42,4,2025-10-31,PENDING
1167,722,29,4,2025-12-12,CANCELLED
1168,656,2,3,2025-11-08,SHIPPED
1169,723,23,4,2025-12-07,PENDING
1170,863,13,2,2025-12-20,PENDING
1171,354,13,2,2025-11-17,CANCELLED
1172,752,36,1,2025-11-14,PENDING
1173,783,17,5,2025-12-02,SHIPPED
1174,484,22,5,2025-11-02,SHIPPED
1175,448,38,4,2025-11-26,PENDING
1176,34,32,4,2025-11-24,PENDING
1177,910,6,5,2025-12-16,CANCELLED
1178,866,4,1,2025-11-11,SHIPPED
1179,652,1,1,2025-10-26,PENDING
1180,400,6,4,2025-12-09,DELIVERED
1181,355,1,1,2025-12-03,CANCELLED
1182,459,24,3,2025-11-05,CANCELLED
1183,683,28,1,2025-11-05,PENDING
1184,118,30,5,2025-10-29,CANCELLED
1185,309,40,1,2025-12-16,PENDING
1186,91,31,3,2025-11-05,PENDING
1187,342,28,1,2025-12-09,PENDING
1188,606,42,1,2025-11-03,CANCELLED
1189,104,3,5,2025-11-06,DELIVERED
1190,453,4,1,2025-12-08,DELIVERED
1191,570,31,4,2025-11-14,DELIVERED
1192,190,45,1,2025-12-06,PENDING
1193,158,48,5,2025-12-16,SHIPPED
1194,200,32,3,2025-10-22,
1195,363,1,1,2025-12-02,DELIVERED
1196,792,34,3,2025-11-24,DELIVERED
1197,549,26,1,2025-11-01,PENDING
1198,248,44,1,2025-10-30,PENDING
1199,771,37,3,2025-11-06,DELIVERED
1200,690,47,3,2025-12-09,CANCELLED
1201,686,32,4,2025-12-11,DELIVERED
1202,563,37,5,2025-11-09,PENDING
1203,572,27,1,2025-12-14,DELIVERED
1204,259,5,4,2025-12-09,PENDING
1205,848,4,4,2025-10-30,DELIVERED
1206,786,35,2,2025-12-02,PENDING
1207,885,29,3,2025-11-12,DELIVERED
1208,510,15,2,2025-11-05,PENDING
1209,191,50,5,2025-11-05,DELIVERED
1210,148,22,2,2025-11-02,PENDING
1211,921,34,3,2025-11-01,DELIVERED
1212,658,29,1,2025-11-17,PENDING
1213,314,30,4,2025-12-13,SHIPPED
1214,533,34,1,2025-10-21,DELIVERED
1215,996,48,3,2025-10-29,CANCELLED
1216,768,17,4,2025-12-13,CANCELLED
1217,450,24,3,2025-11-05,DELIVERED
1218,119,22,4,2025-12-10,CANCELLED
1219,585,45,3,2025-10-28,PENDING
1220,701,50,2,2025-11-23,DELIVERED
1221,119,35,5,2025-12-03,SHIPPED
1222,937,20,5,2025-11-13,CANCELLED
1223,165,27,3,2025-10-29,CANCELLED
1224,334,1,3,2025-12-10,PENDING
1225,568,39,5,2025-10-27,PENDING
1226,684,2,3,2025-12-06,DELIVERED
1227,542,9,4,2025-10-23,PENDING
1228,311,8,1,2025-11-24,DELIVERED
1229,201,39,5,2025-11-19,PENDING
1230,630,22,5,2025-12-09,PENDING
1231,458,36,5,2025-11-15,DELIVERED
1232,385,3,5,2025-11-11,PENDING
1233,363,3,3,2025-11-24,PENDING
1234,203,5,3,2025-12-02,SHIPPED
1235,992,8,5,2025-11-28,CANCELLED
1236,298,46,1,2025-12-01,DELIVERED
1237,96,31,3,2025-11-09,SHIPPED
1238,302,12,4,2025-11-19,SHIPPED
1239,853,11,4,2025-11-05,PENDING
1240,991,5,4,2025-12-12,SHIPPED
1241,214,24,4,2025-11-21,DELIVERED
1242,833,16,3,2025-11-13,DELIVERED
1243,822,1,1,2025-11-20,PENDING
1244,520,9,1,2025-11-03,SHIPPED
1245,917,11,5,2025-10-26,DELIVERED
1246,362,6,4,2025-10-25,CANCELLED
1247,378,21,5,2025-11-27,CANCELLED
1248,549,38,3,2025-11-23,CANCELLED
1249,923,18,2,2025-12-18,SHIPPED
1250,451,47,4,2025-10-30,CANCELLED
1251,390,44,3,2025-12-06,SHIPPED
1252,851,38,4,2025-11-11,SHIPPED
1253,26,1,3,2025-11-20,PENDING
1254,674,19,2,2025-11-03,CANCELLED
1255,503,41,4,2025-11-06,PENDING
1256,32,37,2,2025-11-06,CANCELLED
1257,561,38,1,2025-11-10,SHIPPED
1258,323,20,3,2025-11-02,CANCELLED
1259,794,13,5,2025-11-15,PENDING
1260,98,20,5,2025-10-30,PENDING
1261,779,2,1,2025-11-21,SHIPPED
1262,234,50,5,2025-10-25,CANCELLED
1263,407,45,1,2025-10-27,DELIVERED
1264,694,17,5,2025-12-02,PENDING
1265,533,32,1,2025-12-19,SHIPPED
1266,579,21,3,2025-11-07,PENDING
1267,673,7,5,2025-11-06,PENDING
1268,182,14,2,2025-11-04,DELIVERED
1269,772,14,1,2025-11-23,CANCELLED
1270,545,46,3,2025-11-19,PENDING
1271,747,50,3,2025-11-27,CANCELLED
1272,148,20,2,2025-12-03,SHIPPED
1273,110,2,4,2025-10-30,PENDING
1274,308,15,2,2025-12-15,DELIVERED
1275,367,40,2,2025-12-11,SHIPPED
1276,948,44,2,2025-12-03,PENDING
1277,423,40,4,2025-11-13,DELIVERED
1278,179,31,5,2025-11-22,PENDING
1279,817,39,4,2025-12-07,CANCELLED
1280,493,18,5,2025-11-29,DELIVERED
1281,845,33,5,2025-10-21,CANCELLED
1282,309,4,2,2025-11-20,PENDING
1283,940,18,2,2025-12-13,CANCELLED
1284,975,32,2,2025-10-30,SHIPPED
1285,57,24,5,2025-12-03,PENDING
1286,681,33,1,2025-11-16,PENDING
1287,711,1,5,2025-11-09,DELIVERED
1288,543,40,4,2025-12-06,SHIPPED
1289,430,32,5,2025-12-12,PENDING
1290,561,50,5,2025-10-21,PENDING
1291,369,21,3,2025-10-24,SHIPPED
1292,580,36,1,2025-12-14,SHIPPED
1293,928,9,1,2025-11-15,CANCELLED
1294,412,34,5,2025-11-07,DELIVERED
1295,985,12,2,2025-12-11,CANCELLED
1296,282,37,4,2025-11-17,PENDING
1297,553,1,1,2025-11-02,DELIVERED
1298,197,50,5,2025-11-07,PENDING
1299,572,21,5,2025-10-25,CANCELLED
1300,216,43,4,2025-11-27,SHIPPED
1301,295,1,5,2025-11-29,PENDING
1302,873,5,1,2025-12-12,PENDING
1303,448,12,3,2025-11-24,PENDING
1304,93,40,4,2025-10-22,CANCELLED
1305,35,29,4,2025-11-30,CANCELLED
1306,530,45,5,2025-11-02,CANCELLED
1307,924,33,3,2025-11-20,CANCELLED
1308,565,8,4,2025-10-27,DELIVERED
1309,305,35,4,2025-12-12,PENDING
1310,219,30,5,2025-11-05,PENDING
1311,384,24,5,2025-10-31,SHIPPED
1312,274,29,2,2025-11-03,SHIPPED
1313,972,46,3,2025-11-12,DELIVERED
1314,854,2,4,2025-12-20,PENDING
1315,81,28,4,2025-12-09,CANCELLED
1316,872,14,4,2025-10-25,SHIPPED
1317,298,40,3,2025-11-12,DELIVERED
1318,567,24,4,2025-12-19,PENDING
1319,131,32,3,2025-10-30,DELIVERED
1320,885,49,3,2025-12-01,PENDING
1321,839,45,3,2025-12-16,DELIVERED
1322,394,46,4,2025-12-09,PENDING
1323,479,46,4,2025-12-02,SHIPPED
1324,153,25,5,2025-11-06,DELIVERED
1325,39,12,1,2025-11-14,SHIPPED
1326,130,42,3,2025-11-12,SHIPPED
1327,202,49,1,2025-11-14,SHIPPED
1328,241,17,1,2025-12-07,CANCELLED
1329,354,12,5,2025-11-10,DELIVERED
1330,697,23,1,2025-11-01,CANCELLED
1331,417,37,3,2025-11-02,PENDING
1332,554,46,3,2025-12-08,SHIPPED
1333,676,14,2,2025-12-17,PENDING
1334,482,1,4,2025-10-28,CANCELLED
1335,861,6,4,2025-12-17,PENDING
1336,334,49,2,2025-12-11,SHIPPED
1337,694,3,4,2025-11-22,DELIVERED
1338,591,18,4,2025-11-17,PENDING
1339,657,8,4,2025-11-22,SHIPPED
1340,365,7,1,2025-11-30,PENDING
1341,518,40,3,2025-11-27,SHIPPED
1342,721,14,5,2025-11-05,SHIPPED
1343,366,17,3,2025-12-12,PENDING
1344,560,12,3,2025-12-14,CANCELLED
1345,3,43,3,2025-12-12,SHIPPED
1346,255,50,4,2025-12-18,PENDING
1347,610,27,5,2025-10-25,CANCELLED
1348,36,13,1,2025-10-22,PENDING
1349,35,46,5,2025-11-29,SHIPPED
1350,935,47,3,2025-12-15,DELIVERED
1351,876,6,2,2025-11-15,PENDING
1352,56,32,3,2025-11-15,PENDING
1353,317,35,1,2025-11-29,SHIPPED
1354,131,19,2,2025-11-07,CANCELLED
1355,426,3,5,2025-11-04,PENDING
1356,557,19,4,2025-11-16,CANCELLED
1357,260,45,2,2025-12-05,PENDING
1358,321,32,5,2025-12-20,SHIPPED
1359,313,44,1,2025-11-30,CANCELLED
1360,91,18,3,2025-11-17,PENDING
1361,400,16,2,2025-12-11,PENDING
1362,293,15,4,2025-12-16,SHIPPED
1363,787,26,1,2025-12-02,CANCELLED
1364,589,33,3,2025-12-18,CANCELLED
1365,720,16,4,2025-12-18,SHIPPED
1366,582,19,1,2025-12-14,SHIPPED
1367,544,42,5,2025-12-14,PENDING
1368,550,32,3,2025-11-24,CANCELLED
1369,956,12,3,2025-11-10,PENDING
1370,735,49,2,2025-12-12,DELIVERED
1371,637,12,4,2025-12-02,SHIPPED
1372,940,43,2,2025-10-31,SHIPPED
1373,888,16,1,2025-11-02,CANCELLED
1374,372,36,3,2025-11-20,CANCELLED
1375,92,26,3,2025-12-06,DELIVERED
1376,476,47,5,2025-10-30,SHIPPED
1377,886,12,3,2025-10-22,DELIVERED
1378,963,35,4,2025-11-03,PENDING
1379,937,10,2,2025-11-23,PENDING
1380,753,14,3,2025-11-10,DELIVERED
1381,440,37,4,2025-11-28,CANCELLED
1382,207,28,5,2025-12-15,DELIVERED
1383,583,5,2,2025-11-23,PENDING
1384,607,38,5,2025-11-17,PENDING
1385,409,34,2,2025-12-10,SHIPPED
1386,164,32,1,2025-11-28,SHIPPED
1387,534,10,2,2025-11-18,PENDING
1388,910,44,3,2025-10-25,SHIPPED
1389,7,5,1,2025-11-13,CANCELLED
1390,583,37,3,2025-11-02,CANCELLED
1391,601,7,4,2025-11-10,SHIPPED
1392,930,42,5,2025-10-21,PENDING
1393,947,10,2,2025-12-12,SHIPPED
1394,555,33,5,2025-11-13,DELIVERED
1395,654,10,2,2025-12-05,CANCELLED
1396,848,49,5,2025-11-12,PENDING
1397,305,44,1,2025-12-15,PENDING
1398,781,40,3,2025-10-26,CANCELLED
1399,693,28,4,2025-11-14,CANCELLED
1400,138,17,2,2025-12-06,DELIVERED
1401,859,37,4,2025-12-19,DELIVERED
1402,937,24,4,2025-12-10,DELIVERED
1403,45,6,3,2025-12-10,PENDING
1404,879,37,1,2025-11-18,SHIPPED
1405,467,41,2,2025-10-30,PENDING
1406,933,30,4,2025-12-20,DELIVERED
1407,650,2,1,2025-11-19,SHIPPED
1408,10,42,3,2025-11-21,PENDING
1409,321,31,1,2025-12-06,DELIVERED
1410,539,50,3,2025-12-05,CANCELLED
1411,441,23,1,2025-12-18,CANCELLED
1412,963,29,3,2025-10-25,PENDING
1413,511,8,4,2025-11-12,SHIPPED
1414,101,5,4,2025-12-19,SHIPPED
1415,676,4,4,2025-11-12,DELIVERED
1416,909,19,4,2025-10-27,CANCELLED
1417,287,23,2,2025-11-16,PENDING
1418,18,41,4,2025-12-10,SHIPPED
1419,509,42,3,2025-12-04,DELIVERED
1420,259,14,3,2025-12-10,CANCELLED
1421,879,42,2,2025-12-15,CANCELLED
1422,817,14,4,2025-10-25,CANCELLED
1423,762,16,2,2025-12-11,SHIPPED
1424,346,25,1,2025-12-16,SHIPPED
1425,406,18,5,2025-12-18,CANCELLED
1426,551,38,5,2025-10-23,PENDING
1427,963,31,3,2025-12-19,PENDING
1428,156,3,5,2025-11-20,PENDING
1429,644,19,3,2025-11-25,CANCELLED
1430,772,2,2,2025-10-23,SHIPPED
1431,325,39,4,2025-11-21,CANCELLED
1432,187,34,2,2025-12-20,PENDING
1433,790,5,5,2025-11-17,PENDING
1434,549,16,3,2025-10-22,CANCELLED
1435,565,13,2,2025-12-02,PENDING
1436,607,41,3,2025-12-20,SHIPPED
1437,757,25,1,2025-12-09,PENDING
1438,50,50,3,2025-11-25,CANCELLED
1439,637,13,2,2025-12-16,SHIPPED
1440,17,41,3,2025-11-19,SHIPPED
1441,837,15,4,2025-11-14,CANCELLED
1442,70,16,1,2025-11-23,DELIVERED
1443,313,25,1,2025-11-16,CANCELLED
1444,233,33,1,2025-11-22,SHIPPED
1445,464,10,4,2025-11-27,SHIPPED
1446,766,25,4,2025-11-07,PENDING
1447,402,34,2,2025-11-22,PENDING
1448,884,46,1,2025-12-14,PENDING
1449,89,20,4,2025-10-22,SHIPPED
1450,837,16,5,2025-11-04,SHIPPED
1451,709,22,2,2025-12-20,SHIPPED
1452,929,50,2,2025-10-30,CANCELLED
1453,177,23,4,2025-12-18,CANCELLED
1454,774,12,5,2025-11-06,PENDING
1455,806,49,5,2025-12-19,DELIVERED
1456,783,38,2,2025-12-09,SHIPPED
1457,634,32,1,2025-11-20,
1458,340,18,1,2025-11-03,CANCELLED
1459,317,28,2,2025-10-22,PENDING
1460,203,29,4,2025-12-12,SHIPPED
1461,475,27,4,2025-12-11,CANCELLED
1462,565,35,2,2025-10-30,PENDING
1463,356,20,3,2025-12-14,DELIVERED
1464,227,40,1,2025-11-25,SHIPPED
1465,680,29,4,2025-11-04,PENDING
1466,25,15,1,2025-12-12,PENDING
1467,233,13,3,2025-11-29,DELIVERED
1468,852,7,5,2025-12-01,DELIVERED
1469,543,32,2,2025-11-13,PENDING
1470,645,19,3,2025-12-20,CANCELLED
1471,268,3,3,2025-11-01,PENDING
1472,399,16,4,2025-11-28,DELIVERED
1473,6,5,4,2025-12-19,CANCELLED
1474,594,38,2,2025-10-21,DELIVERED
1475,669,19,3,2025-11-24,CANCELLED
1476,241,36,2,2025-11-22,SHIPPED
1477,609,31,5,2025-12-12,CANCELLED
1478,267,47,2,2025-12-12,SHIPPED
1479,674,38,1,2025-11-29,CANCELLED
1480,21,1,3,2025-11-25,SHIPPED
1481,732,7,1,2025-11-27,DELIVERED
1482,202,10,4,2025-12-20,DELIVERED
1483,890,26,5,2025-10-29,SHIPPED
1484,159,37,5,2025-10-27,SHIPPED
1485,656,29,1,2025-11-04,CANCELLED
1486,431,22,1,2025-11-19,PENDING
1487,977,30,4,2025-10-22,CANCELLED
1488,502,48,3,2025-11-10,DELIVERED
1489,363,34,4,2025-12-13,DELIVERED
1490,785,43,5,2025-11-10,PENDING
1491,579,4,3,2025-10-31,DELIVERED
1492,425,3,4,2025-11-24,CANCELLED
1493,355,6,5,2025-11-16,SHIPPED
1494,417,50,4,2025-12-20,CANCELLED
1495,922,19,5,2025-11-13,DELIVERED
1496,193,41,5,2025-11-17,CANCELLED
1497,238,16,3,2025-11-19,DELIVERED
1498,449,26,3,2025-10-26,SHIPPED
1499,274,22,2,2025-11-14,PENDING
1500,874,31,2,2025-10-30,DELIVERED
1501,787,3,4,2025-12-10,SHIPPED
1502,454,27,5,2025-10-24,PENDING
1503,309,28,4,2025-10-27,PENDING
1504,3,7,1,2025-11-20,SHIPPED
1505,19,10,1,2025-11-29,SHIPPED
1506,688,46,1,2025-12-06,DELIVERED
1507,229,12,1,2025-11-18,PENDING
1508,343,15,5,2025-12-11,DELIVERED
1509,159,7,1,2025-10-29,CANCELLED
1510,357,28,2,2025-12-09,PENDING
1511,808,31,2,2025-12-08,DELIVERED
1512,642,26,3,2025-11-02,SHIPPED
1513,678,8,1,2025-12-14,SHIPPED
1514,448,29,2,2025-10-21,PENDING
1515,453,24,1,2025-11-04,DELIVERED
1516,15,20,4,2025-10-25,DELIVERED
1517,792,12,1,2025-11-18,SHIPPED
1518,445,13,5,2025-11-27,CANCELLED
1519,99,34,3,2025-10-28,DELIVERED
1520,232,24,2,2025-11-27,PENDING
1521,488,11,3,2025-11-25,CANCELLED
1522,111,40,1,2025-12-17,PENDING
1523,301,19,1,2025-12-01,PENDING
1524,420,49,4,2025-11-01,CANCELLED
1525,91,47,2,2025-11-10,CANCELLED
1526,754,36,3,2025-12-09,DELIVERED
1527,873,23,4,2025-12-12,CANCELLED
1528,599,13,4,2025-11-29,CANCELLED
1529,690,5,5,2025-12-11,DELIVERED
1530,911,36,1,2025-12-02,SHIPPED
1531,430,16,3,2025-11-14,DELIVERED
1532,334,19,5,2025-10-28,DELIVERED
1533,903,46,4,2025-11-05,DELIVERED
1534,441,49,2,2025-11-10,CANCELLED
1535,222,20,1,2025-10-29,SHIPPED
1536,967,31,1,2025-12-11,PENDING
1537,279,49,1,2025-10-27,SHIPPED
1538,69,20,3,2025-11-24,DELIVERED
1539,519,7,4,2025-11-10,DELIVERED
1540,326,6,2,2025-11-22,SHIPPED
1541,178,38,3,2025-11-11,CANCELLED
1542,995,36,4,2025-11-05,DELIVERED
1543,569,3,2,2025-10-26,PENDING
1544,276,1,3,2025-12-13,PENDING
1545,26,39,3,2025-12-19,DELIVERED
1546,252,46,2,2025-10-28,DELIVERED
1547,169,42,5,2025-11-10,CANCELLED
1548,924,17,3,2025-12-07,SHIPPED
1549,880,4,1,2025-12-07,SHIPPED
1550,3,23,2,2025-11-18,CANCELLED
1551,103,33,1,2025-10-21,SHIPPED
1552,507,4,1,2025-11-02,SHIPPED
1553,364,19,5,2025-11-14,PENDING
1554,275,39,3,2025-12-03,PENDING
1555,454,47,1,2025-11-18,CANCELLED
1556,300,1,2,2025-12-02,CANCELLED
1557,127,16,4,2025-11-01,CANCELLED
1558,275,45,4,2025-11-12,SHIPPED
1559,781,6,1,2025-12-02,SHIPPED
1560,989,20,2,2025-12-12,SHIPPED
1561,218,17,3,2025-12-05,SHIPPED
1562,672,21,2,2025-11-22,SHIPPED
1563,84,33,4,2025-11-09,DELIVERED
1564,718,16,5,2025-12-13,PENDING
1565,490,2,4,2025-12-12,CANCELLED
1566,380,17,1,2025-11-25,PENDING
1567,53,8,2,2025-12-20,SHIPPED
1568,546,8,2,2025-12-05,SHIPPED
1569,672,34,4,2025-11-18,
1570,33,8,5,2025-11-07,DELIVERED
1571,114,35,1,2025-12-01,SHIPPED
1572,634,17,3,2025-12-08,DELIVERED
1573,587,45,3,2025-11-18,SHIPPED
1574,632,12,2,2025-11-10,SHIPPED
1575,937,21,3,2025-11-17,DELIVERED
1576,775,48,5,2025-12-17,SHIPPED
1577,430,2,1,2025-11-14,CANCELLED
1578,62,49,2,2025-12-03,PENDING
1579,652,10,2,2025-11-03,PENDING
1580,410,42,5,2025-11-23,SHIPPED
1581,29,6,2,2025-10-27,CANCELLED
1582,265,6,4,2025-11-17,CANCELLED
1583,838,40,5,2025-11-05,CANCELLED
1584,828,19,4,2025-12-18,PENDING
1585,89,47,4,2025-12-14,CANCELLED
1586,875,3,2,2025-11-25,PENDING
1587,631,34,5,2025-11-02,DELIVERED
1588,111,20,4,2025-11-14,DELIVERED
1589,218,27,1,2025-11-25,DELIVERED
1590,556,23,2,2025-11-01,SHIPPED
1591,819,27,1,2025-12-17,PENDING
1592,501,28,2,2025-12-13,SHIPPED
1593,361,30,1,2025-11-12,PENDING
1594,220,38,4,2025-11-07,CANCELLED
1595,999999,28,3,2025-11-28,CANCELLED
1596,585,7,2,2025-11-10,CANCELLED
1597,190,41,4,2025-12-07,DELIVERED
1598,718,11,3,2025-11-14,CANCELLED
1599,362,14,2,2025-11-02,PENDING
1600,424,3,3,2025-12-19,PENDING
1601,615,48,2,2025-12-05,DELIVERED
1602,781,24,1,2025-12-03,DELIVERED
1603,106,28,3,2025-10-29,PENDING
1604,704,44,3,2025-10-21,DELIVERED
1605,905,14,3,2025-11-28,CANCELLED
1606,431,12,5,2025-11-14,PENDING
1607,797,32,5,2025-10-21,PENDING
1608,405,11,2,2025-12-16,SHIPPED
1609,349,25,5,2025-12-01,DELIVERED
1610,182,24,1,2025-12-20,CANCELLED
1611,661,5,4,2025-12-13,DELIVERED
1612,731,25,4,2025-11-26,SHIPPED
1613,999999,42,2,2025-12-03,CANCELLED
1614,660,43,2,2025-12-03,DELIVERED
1615,963,7,4,2025-11-10,SHIPPED
1616,631,37,2,2025-11-22,CANCELLED
1617,931,2,1,2025-10-25,PENDING
1618,436,44,4,2025-11-30,DELIVERED
1619,620,2,5,2025-10-24,DELIVERED
1620,546,36,3,2025-11-25,DELIVERED
1621,996,9,1,2025-10-26,DELIVERED
1622,174,3,4,2025-11-07,SHIPPED
1623,907,21,3,2025-10-30,DELIVERED
1624,449,5,2,2025-12-03,
1625,461,49,2,2025-11-26,PENDING
1626,415,16,4,2025-10-31,DELIVERED
1627,462,5,1,2025-12-08,DELIVERED
1628,309,38,1,2025-11-08,PENDING
1629,583,18,2,2025-12-15,SHIPPED
1630,38,35,5,2025-11-30,DELIVERED
1631,858,17,4,2025-11-26,CANCELLED
1632,794,25,5,2025-11-16,SHIPPED
1633,743,40,4,2025-10-22,CANCELLED
1634,792,25,4,2025-11-06,CANCELLED
1635,939,12,5,2025-12-06,PENDING
1636,937,14,4,2025-10-25,CANCELLED
1637,968,10,4,2025-11-26,
1638,999999,37,4,2025-10-31,DELIVERED
1639,109,5,1,2025-11-11,DELIVERED
1640,822,1,4,2025-12-19,PENDING
1641,20,34,3,2025-10-27,CANCELLED
1642,458,25,4,2025-11-30,PENDING
1643,639,24,2,2025-12-05,PENDING
1644,984,27,1,2025-12-02,DELIVERED
1645,414,6,1,2025-12-06,DELIVERED
1646,71,1,5,2025-11-17,DELIVERED
1647,487,21,4,2025-12-12,DELIVERED
1648,32,21,5,2025-10-25,DELIVERED
1649,672,19,2,2025-12-20,PENDING
1650,443,5,2,2025-10-23,PENDING
1651,406,15,2,2025-11-17,PENDING
1652,40,44,3,2025-11-27,PENDING
1653,1,46,2,2025-12-02,PENDING
1654,130,40,5,2025-12-13,CANCELLED
1655,675,37,3,2025-11-17,PENDING
1656,189,39,3,2025-12-19,CANCELLED
1657,178,18,3,2025-12-11,SHIPPED
1658,792,35,4,2025-11-07,PENDING
1659,917,34,2,2025-12-15,SHIPPED
1660,819,50,1,2025-11-29,SHIPPED
1661,523,30,3,2025-10-23,DELIVERED
1662,771,43,3,2025-11-17,SHIPPED
1663,183,48,2,2025-11-24,PENDING
1664,310,36,5,2025-11-26,SHIPPED
1665,797,10,3,2025-12-15,CANCELLED
1666,484,43,1,2025-11-22,DELIVERED
1667,457,10,3,2025-11-27,PENDING
1668,391,44,2,2025-11-03,CANCELLED
1669,530,12,1,2025-11-12,CANCELLED
1670,41,1,3,2025-11-19,SHIPPED
1671,505,15,5,2025-12-14,PENDING
1672,447,41,2,2025-11-19,DELIVERED
1673,788,44,4,2025-12-15,CANCELLED
1674,545,29,5,2025-11-10,CANCELLED
1675,641,3,1,2025-12-16,SHIPPED
1676,230,48,2,2025-12-13,CANCELLED
1677,521,24,5,2025-12-14,PENDING
1678,259,8,5,2025-12-05,DELIVERED
1679,45,2,5,2025-12-09,PENDING
1680,854,27,2,2025-11-17,CANCELLED
1681,770,24,5,2025-12-09,SHIPPED
1682,428,2,2,2025-11-07,DELIVERED
1683,411,44,2,2025-11-25,PENDING
1684,711,20,1,2025-12-05,SHIPPED
1685,571,7,1,2025-12-07,CANCELLED
1686,837,23,4,2025-10-26,PENDING
1687,714,48,4,2025-10-24,CANCELLED
1688,386,1,2,2025-11-02,CANCELLED
1689,38,41,4,2025-11-06,CANCELLED
1690,374,15,4,2025-12-10,CANCELLED
1691,565,14,5,2025-11-11,PENDING
1692,391,1,3,2025-10-23,CANCELLED
1693,40,12,1,2025-11-16,CANCELLED
1694,856,35,5,2025-11-27,SHIPPED
1695,277,14,4,2025-10-21,PENDING
1696,273,39,1,2025-10-24,SHIPPED
1697,376,38,1,2025-11-20,SHIPPED
1698,131,13,5,2025-10-26,SHIPPED
1699,395,21,5,2025-12-03,DELIVERED
1700,603,33,5,2025-12-09,SHIPPED
1701,365,19,2,2025-11-29,CANCELLED
1702,493,19,2,2025-11-18,CANCELLED
1703,839,35,3,2025-11-20,SHIPPED
1704,122,10,3,2025-11-12,DELIVERED
1705,723,14,5,2025-12-04,DELIVERED
1706,428,10,3,2025-11-28,PENDING
1707,63,44,2,2025-10-23,CANCELLED
1708,591,21,2,2025-10-21,SHIPPED
1709,768,27,1,2025-11-25,PENDING
1710,783,27,1,2025-11-01,PENDING
1711,220,13,5,2025-11-06,SHIPPED
1712,953,42,4,2025-12-17,SHIPPED
1713,644,48,1,2025-10-23,CANCELLED
1714,255,44,2,2025-11-21,DELIVERED
1715,978,22,5,2025-11-06,SHIPPED
1716,604,36,4,2025-11-05,SHIPPED
1717,244,44,1,2025-11-23,PENDING
1718,152,44,4,2025-11-12,CANCELLED
1719,53,34,3,2025-10-23,SHIPPED
1720,248,24,5,2025-10-26,PENDING
1721,162,30,3,2025-12-04,DELIVERED
1722,830,39,5,2025-11-11,PENDING
1723,466,44,1,2025-12-16,DELIVERED
1724,508,4,5,2025-11-14,PENDING
1725,686,27,2,2025-12-02,DELIVERED
1726,158,37,4,2025-12-12,SHIPPED
1727,94,44,3,2025-11-19,CANCELLED
1728,757,42,1,2025-12-04,PENDING
1729,29,4,5,2025-12-02,DELIVERED
1730,927,42,1,2025-12-17,SHIPPED
1731,862,11,2,2025-11-18,PENDING
1732,601,29,5,2025-11-29,CANCELLED
1733,424,50,5,2025-11-16,DELIVERED
1734,296,13,5,2025-12-08,CANCELLED
1735,812,44,1,2025-12-18,CANCELLED
1736,868,32,5,2025-11-07,SHIPPED
1737,431,5,5,2025-11-14,SHIPPED
1738,541,27,1,2025-11-20,DELIVERED
1739,79,19,1,2025-11-07,SHIPPED
1740,124,50,5,2025-12-16,DELIVERED
1741,601,44,3,2025-11-16,DELIVERED
1742,844,6,1,2025-11-22,SHIPPED
1743,302,44,1,2025-11-28,DELIVERED
1744,999999,24,4,2025-11-16,SHIPPED
1745,308,27,4,2025-11-07,SHIPPED
1746,756,39,5,2025-12-16,DELIVERED
1747,704,45,4,2025-12-20,SHIPPED
1748,374,49,3,2025-11-07,DELIVERED
1749,143,19,3,2025-11-08,CANCELLED
1750,875,19,4,2025-11-21,SHIPPED
1751,332,18,1,2025-10-31,PENDING
1752,864,23,1,2025-11-08,CANCELLED
1753,595,13,5,2025-11-06,CANCELLED
1754,449,48,4,2025-11-29,DELIVERED
1755,330,20,5,2025-11-27,PENDING
1756,673,37,2,2025-12-14,PENDING
1757,289,10,5,2025-11-01,DELIVERED
1758,213,27,5,2025-11-05,SHIPPED
1759,831,45,4,2025-12-12,PENDING
1760,83,46,3,2025-11-01,PENDING
1761,155,27,5,2025-12-20,CANCELLED
1762,406,4,5,2025-10-27,CANCELLED
1763,91,39,4,2025-11-25,CANCELLED
1764,373,26,3,2025-11-08,DELIVERED
1765,954,50,1,2025-10-27,DELIVERED
1766,388,48,2,2025-11-24,DELIVERED
1767,911,42,2,2025-11-15,SHIPPED
1768,463,34,4,2025-11-12,SHIPPED
1769,814,49,4,2025-11-29,SHIPPED
1770,745,25,2,2025-11-11,CANCELLED
1771,86,21,3,2025-12-16,DELIVERED
1772,239,15,4,2025-12-06,DELIVERED
1773,668,28,1,2025-11-24,CANCELLED
1774,845,18,2,2025-10-29,SHIPPED
1775,308,41,4,2025-11-03,CANCELLED
1776,75,31,2,2025-12-15,DELIVERED
1777,753,33,2,2025-12-08,DELIVERED
1778,44,40,1,2025-10-31,SHIPPED
1779,296,18,1,2025-11-18,CANCELLED
1780,148,14,4,2025-10-29,DELIVERED
1781,840,7,5,2025-12-17,SHIPPED
1782,417,49,4,2025-12-01,DELIVERED
1783,993,29,5,2025-11-28,CANCELLED
1784,329,3,1,2025-11-03,DELIVERED
1785,52,13,5,2025-11-21,DELIVERED
1786,758,32,5,2025-11-10,PENDING
1787,156,9,2,2025-12-20,DELIVERED
1788,237,33,2,2025-11-06,PENDING
1789,826,34,3,2025-12-03,CANCELLED
1790,753,3,2,2025-12-08,CANCELLED
1791,658,21,4,2025-11-01,DELIVERED
1792,159,3,5,2025-11-06,SHIPPED
1793,443,39,4,2025-11-28,CANCELLED
1794,653,7,4,2025-10-27,DELIVERED
1795,817,24,1,2025-10-24,PENDING
1796,796,48,1,2025-11-15,CANCELLED
1797,893,16,3,2025-12-02,SHIPPED
1798,293,46,3,2025-10-22,CANCELLED
1799,106,24,4,2025-10-22,CANCELLED
1800,770,11,2,2025-11-04,PENDING
1801,397,3,5,2025-10-27,DELIVERED
1802,926,35,2,2025-11-07,DELIVERED
1803,322,10,4,2025-10-26,PENDING
1804,216,30,1,2025-12-07,PENDING
1805,77,15,1,2025-12-05,CANCELLED
1806,330,4,1,2025-12-04,DELIVERED
1807,290,30,5,2025-11-19,CANCELLED
1808,244,30,5,2025-12-14,PENDING
1809,988,34,2,2025-12-02,PENDING
1810,244,27,5,2025-10-26,DELIVERED
1811,483,34,2,2025-11-14,CANCELLED
1812,904,29,5,2025-11-30,PENDING
1813,820,1,1,2025-10-26,SHIPPED
1814,762,32,2,2025-10-25,DELIVERED
1815,857,26,2,2025-11-07,CANCELLED
1816,15,5,1,2025-10-31,PENDING
1817,318,47,3,2025-11-07,PENDING
1818,812,36,4,2025-12-19,DELIVERED
1819,377,48,2,2025-10-21,PENDING
1820,287,33,4,2025-11-30,DELIVERED
1821,802,16,4,2025-11-20,CANCELLED
1822,673,15,4,2025-11-20,CANCELLED
1823,434,8,2,2025-10-25,CANCELLED
1824,321,18,3,2025-10-22,CANCELLED
1825,747,42,5,2025-12-01,CANCELLED
1826,64,18,2,2025-11-09,SHIPPED
1827,396,18,3,2025-11-23,DELIVERED
1828,853,42,1,2025-12-18,SHIPPED
1829,492,32,3,2025-10-30,SHIPPED
1830,882,32,4,2025-11-26,DELIVERED
1831,863,34,5,2025-11-29,DELIVERED
1832,210,49,3,2025-12-12,SHIPPED
1833,241,21,2,2025-11-16,PENDING
1834,223,14,3,2025-11-10,SHIPPED
1835,979,12,1,2025-11-26,DELIVERED
1836,563,36,1,2025-11-17,DELIVERED
1837,740,7,5,2025-12-16,PENDING
1838,309,16,5,2025-11-17,PENDING
1839,680,10,5,2025-11-30,SHIPPED
1840,918,35,1,2025-12-16,PENDING
1841,233,37,1,2025-11-18,CANCELLED
1842,865,31,1,2025-11-29,SHIPPED
1843,988,28,4,2025-12-08,PENDING
1844,113,20,3,2025-12-10,CANCELLED
1845,562,23,4,2025-12-01,CANCELLED
1846,44,48,4,2025-10-31,DELIVERED
1847,922,47,4,2025-12-06,PENDING
1848,990,29,1,2025-12-07,SHIPPED
1849,145,43,1,2025-12-14,CANCELLED
1850,286,29,1,2025-11-02,DELIVERED
1851,861,44,1,2025-12-11,SHIPPED
1852,24,21,5,2025-11-11,
1853,911,46,3,2025-10-28,DELIVERED
1854,637,13,4,2025-12-13,PENDING
1855,714,21,3,2025-11-12,PENDING
1856,829,23,4,2025-12-05,DELIVERED
1857,20,33,2,2025-11-17,CANCELLED
1858,802,4,3,2025-11-23,SHIPPED
1859,872,32,4,2025-11-30,SHIPPED
1860,702,29,3,2025-11-20,DELIVERED
1861,138,31,3,2025-11-03,DELIVERED
1862,10,34,4,2025-10-21,DELIVERED
1863,581,8,4,2025-11-28,CANCELLED
1864,75,36,5,2025-10-30,DELIVERED
1865,350,23,4,2025-11-14,SHIPPED
1866,699,10,3,2025-11-17,DELIVERED
1867,890,24,2,2025-10-23,CANCELLED
1868,440,39,4,2025-10-23,SHIPPED
1869,447,32,4,2025-12-05,CANCELLED
1870,118,38,4,2025-10-25,SHIPPED
1871,484,35,5,2025-11-24,DELIVERED
1872,309,45,5,2025-12-20,SHIPPED
1873,526,29,4,2025-10-27,PENDING
1874,427,21,4,2025-12-09,CANCELLED
1875,662,22,1,2025-12-12,SHIPPED
1876,414,22,1,2025-11-07,PENDING
1877,361,20,2,2025-11-23,PENDING
1878,525,26,3,2025-12-16,PENDING
1879,71,46,2,2025-12-13,CANCELLED
1880,696,21,3,2025-11-15,PENDING
1881,798,43,1,2025-12-12,SHIPPED
1882,944,7,3,2025-12-14,PENDING
1883,797,15,5,2025-10-22,CANCELLED
1884,58,30,5,2025-11-19,CANCELLED
1885,825,5,3,2025-12-01,CANCELLED
1886,661,3,3,2025-12-02,SHIPPED
1887,495,41,2,2025-11-06,CANCELLED
1888,849,25,3,2025-10-26,CANCELLED
1889,858,43,4,2025-12-01,PENDING
1890,367,3,2,2025-11-11,CANCELLED
1891,633,29,3,2025-10-21,CANCELLED
1892,517,18,1,2025-11-09,SHIPPED
1893,347,39,4,2025-10-31,DELIVERED
1894,457,16,5,2025-11-01,SHIPPED
1895,342,17,3,2025-11-17,DELIVERED
1896,85,12,5,2025-11-30,CANCELLED
1897,215,50,4,2025-10-29,CANCELLED
1898,122,48,1,2025-11-05,PENDING
1899,230,8,2,2025-11-28,PENDING
1900,525,40,1,2025-10-21,CANCELLED
1901,226,47,5,2025-11-06,SHIPPED
1902,446,8,1,2025-10-22,CANCELLED
1903,492,17,4,2025-11-09,DELIVERED
1904,259,6,5,2025-11-24,PENDING
1905,501,38,3,2025-12-01,CANCELLED
1906,306,26,3,2025-11-01,DELIVERED
1907,463,37,4,2025-12-07,PENDING
1908,432,14,3,2025-12-10,SHIPPED
1909,471,41,3,2025-12-04,PENDING
1910,125,19,1,2025-11-30,DELIVERED
1911,659,44,5,2025-12-02,CANCELLED
1912,472,30,5,2025-12-12,DELIVERED
1913,139,48,2,2025-12-06,SHIPPED
1914,707,48,1,2025-10-27,DELIVERED
1915,954,31,1,2025-11-06,CANCELLED
1916,164,24,5,2025-10-31,SHIPPED
1917,876,22,2,2025-11-20,SHIPPED
1918,366,43,2,2025-11-21,SHIPPED
1919,847,31,1,2025-10-24,CANCELLED
1920,719,12,4,2025-11-14,CANCELLED
1921,697,11,2,2025-12-13,CANCELLED
1922,232,23,4,2025-11-29,CANCELLED
1923,600,2,2,2025-12-05,CANCELLED
1924,484,8,1,2025-10-28,PENDING
1925,786,7,2,2025-10-23,PENDING
1926,153,23,4,2025-12-14,SHIPPED
1927,738,49,1,2025-10-24,PENDING
1928,984,47,2,2025-12-05,DELIVERED
1929,368,36,1,2025-12-16,CANCELLED
1930,920,12,3,2025-12-12,PENDING
1931,736,46,5,2025-11-25,CANCELLED
1932,385,23,3,2025-11-01,SHIPPED
1933,254,27,5,2025-11-18,SHIPPED
1934,307,10,1,2025-11-26,DELIVERED
1935,382,49,2,2025-12-14,PENDING
1936,884,15,1,2025-11-22,PENDING
1937,200,11,1,2025-12-13,DELIVERED
1938,951,4,4,2025-11-10,DELIVERED
1939,533,7,1,2025-11-03,PENDING
1940,135,11,2,2025-12-07,DELIVERED
1941,489,28,4,2025-12-09,
1942,333,36,2,2025-10-28,DELIVERED
1943,220,26,5,2025-12-10,SHIPPED
1944,556,31,5,2025-10-29,PENDING
1945,843,30,2,2025-11-06,CANCELLED
1946,588,50,5,2025-11-06,CANCELLED
1947,443,20,3,2025-12-19,SHIPPED
1948,473,32,4,2025-11-13,SHIPPED
1949,394,6,2,2025-11-21,SHIPPED
1950,747,48,3,2025-11-15,CANCELLED
1951,522,27,3,2025-11-10,CANCELLED
1952,505,18,3,2025-10-23,DELIVERED
1953,347,28,1,2025-11-04,SHIPPED
1954,794,8,5,2025-12-13,SHIPPED
1955,308,31,1,2025-11-06,DELIVERED
1956,998,47,4,2025-12-16,DELIVERED
1957,352,45,4,2025-11-28,CANCELLED
1958,844,40,2,2025-12-18,CANCELLED
1959,722,28,1,2025-11-14,PENDING
1960,170,50,2,2025-11-01,DELIVERED
1961,750,21,3,2025-11-25,SHIPPED
1962,873,14,2,2025-11-16,DELIVERED
1963,246,22,5,2025-11-20,PENDING
1964,616,11,2,2025-11-21,PENDING
1965,751,44,1,2025-11-04,DELIVERED
1966,557,21,1,2025-10-25,CANCELLED
1967,352,24,3,2025-12-01,PENDING
1968,442,35,4,2025-11-28,DELIVERED
1969,565,18,2,2025-10-26,PENDING
1970,894,27,2,2025-10-21,DELIVERED
1971,559,8,4,2025-12-15,PENDING
1972,726,24,2,2025-11-14,SHIPPED
1973,757,15,2,2025-11-01,SHIPPED
1974,451,50,1,2025-10-30,CANCELLED
1975,751,21,1,2025-11-09,SHIPPED
1976,690,33,4,2025-11-27,DELIVERED
1977,417,6,3,2025-11-04,DELIVERED
1978,81,3,1,2025-10-21,DELIVERED
1979,902,26,1,2025-12-03,SHIPPED
1980,223,1,3,2025-10-27,SHIPPED
1981,122,27,2,2025-11-07,
1982,53,47,5,2025-11-01,CANCELLED
1983,740,50,3,2025-12-05,DELIVERED
1984,137,7,4,2025-10-22,SHIPPED
1985,106,20,2,2025-11-03,PENDING
1986,999999,19,1,2025-12-07,DELIVERED
1987,88,24,2,2025-10-23,PENDING
1988,590,35,1,2025-11-30,CANCELLED
1989,134,37,5,2025-12-20,PENDING
1990,601,26,2,2025-12-03,SHIPPED
1991,214,13,5,2025-12-14,PENDING
1992,541,35,3,2025-12-10,CANCELLED
1993,984,37,4,2025-11-16,SHIPPED
1994,273,22,4,2025-12-04,CANCELLED
1995,812,1,5,2025-10-22,SHIPPED
1996,33,16,4,2025-10-28,CANCELLED
1997,435,39,1,2025-11-25,PENDING
1998,577,24,3,2025-11-30,CANCELLED
1999,533,15,4,2025-11-14,SHIPPED
2000,751,28,5,2025-10-27,CANCELLED
2001,518,20,3,2025-11-02,CANCELLED
2002,805,1,2,2025-10-22,CANCELLED
2003,551,28,2,2025-12-01,PENDING
2004,527,25,2,2025-11-11,DELIVERED
2005,295,27,2,2025-11-07,SHIPPED
2006,799,38,5,2025-11-09,PENDING
2007,116,10,2,2025-10-23,CANCELLED
2008,80,42,2,2025-12-08,SHIPPED
2009,999999,47,1,2025-10-31,SHIPPED
2010,211,42,1,2025-12-12,DELIVERED
2011,402,6,4,2025-11-09,DELIVERED
2012,586,13,4,2025-12-08,CANCELLED
2013,733,13,2,2025-10-23,SHIPPED
2014,224,10,3,2025-11-23,CANCELLED
2015,735,28,5,2025-12-05,DELIVERED
2016,844,7,3,2025-11-14,CANCELLED
2017,912,32,5,2025-11-05,PENDING
2018,964,5,5,2025-11-30,SHIPPED
2019,925,18,3,2025-12-13,CANCELLED
2020,812,15,3,2025-12-01,SHIPPED
2021,766,32,4,2025-11-19,PENDING
2022,712,30,2,2025-12-14,PENDING
2023,362,15,4,2025-12-09,SHIPPED
2024,280,30,3,2025-11-14,PENDING
2025,655,37,4,2025-10-26,CANCELLED
2026,404,49,4,2025-11-24,PENDING
2027,800,39,4,2025-12-12,CANCELLED
2028,577,32,5,2025-10-22,PENDING
2029,807,12,3,2025-11-30,DELIVERED
2030,808,37,1,2025-11-27,DELIVERED
2031,3,32,3,2025-12-15,SHIPPED
2032,333,31,2,2025-12-12,DELIVERED
2033,961,41,2,2025-11-15,DELIVERED
2034,62,38,3,2025-11-03,PENDING
2035,957,23,3,2025-11-12,DELIVERED
2036,410,35,4,2025-12-20,SHIPPED
2037,105,16,1,2025-11-24,SHIPPED
2038,218,36,1,2025-10-26,DELIVERED
2039,609,32,5,2025-11-09,
2040,522,31,3,2025-11-23,CANCELLED
2041,589,26,3,2025-12-04,CANCELLED
2042,717,1,2,2025-10-25,PENDING
2043,763,41,3,2025-12-20,DELIVERED
2044,680,48,3,2025-11-27,SHIPPED
2045,725,41,3,2025-11-02,PENDING
2046,43,36,5,2025-10-23,SHIPPED
2047,228,46,2,2025-12-19,PENDING
2048,805,11,3,2025-11-22,CANCELLED
2049,311,15,3,2025-11-02,PENDING
2050,155,6,1,2025-10-27,CANCELLED
2051,644,17,1,2025-10-21,CANCELLED
2052,643,9,5,2025-11-10,PENDING
2053,351,44,3,2025-12-08,PENDING
2054,54,20,3,2025-10-24,CANCELLED
2055,256,48,3,2025-12-16,CANCELLED
2056,953,3,1,2025-12-17,DELIVERED
2057,37,20,3,2025-10-25,CANCELLED
2058,212,24,4,2025-11-28,CANCELLED
2059,301,40,1,2025-11-05,DELIVERED
2060,289,36,2,2025-11-04,DELIVERED
2061,856,9,1,2025-10-23,CANCELLED
2062,919,26,1,2025-11-08,SHIPPED
2063,476,4,1,2025-10-29,PENDING
2064,759,48,5,2025-11-30,
2065,723,47,2,2025-11-19,PENDING
2066,708,7,1,2025-12-10,SHIPPED
2067,382,10,1,2025-12-17,CANCELLED
2068,537,50,3,2025-11-24,PENDING
2069,481,39,5,2025-12-04,DELIVERED
2070,392,14,4,2025-10-31,DELIVERED
2071,874,50,5,2025-12-09,CANCELLED
2072,707,15,3,2025-10-27,PENDING
2073,907,8,3,2025-11-24,DELIVERED
2074,752,9,4,2025-11-30,PENDING
2075,290,2,3,2025-11-06,SHIPPED
2076,856,49,1,2025-10-21,DELIVERED
2077,842,19,3,2025-10-23,CANCELLED
2078,65,46,5,2025-12-20,CANCELLED
2079,944,43,3,2025-10-28,DELIVERED
2080,408,11,4,2025-11-09,SHIPPED
2081,999999,38,5,2025-10-23,DELIVERED
2082,121,15,5,2025-10-28,PENDING
2083,958,31,3,2025-11-26,DELIVERED
2084,619,1,4,2025-12-09,PENDING
2085,703,20,5,2025-10-26,CANCELLED
2086,389,36,3,2025-10-22,SHIPPED
2087,685,9,2,2025-11-15,PENDING
2088,506,29,5,2025-11-04,CANCELLED
2089,350,20,5,2025-11-15,SHIPPED
2090,845,15,1,2025-11-15,SHIPPED
2091,51,4,5,2025-11-25,PENDING
2092,538,20,1,2025-12-18,PENDING
2093,999,13,3,2025-11-11,PENDING
2094,672,39,3,2025-12-05,DELIVERED
2095,490,9,5,2025-11-18,DELIVERED
2096,261,48,5,2025-12-11,SHIPPED
2097,242,11,4,2025-12-15,CANCELLED
2098,145,23,1,2025-11-13,PENDING
2099,571,22,5,2025-11-10,PENDING
2100,666,40,1,2025-12-06,SHIPPED
2101,355,30,5,2025-10-23,DELIVERED
2102,442,50,4,2025-10-30,DELIVERED
2103,996,14,5,2025-11-21,DELIVERED
2104,451,44,1,2025-11-28,SHIPPED
2105,495,27,2,2025-12-04,CANCELLED
2106,484,22,5,2025-11-15,SHIPPED
2107,393,13,4,2025-12-14,CANCELLED
2108,547,43,5,2025-11-25,DELIVERED
2109,305,8,3,2025-12-13,SHIPPED
2110,907,26,2,2025-11-19,PENDING
2111,805,3,5,2025-11-23,CANCELLED
2112,41,2,4,2025-10-30,SHIPPED
2113,596,50,2,2025-12-12,CANCELLED
2114,955,27,4,2025-11-04,DELIVERED
2115,31,31,3,2025-12-18,SHIPPED
2116,58,45,5,2025-11-02,CANCELLED
2117,494,21,5,2025-10-27,DELIVERED
2118,915,1,3,2025-12-03,PENDING
2119,392,20,3,2025-11-28,PENDING
2120,871,16,3,2025-12-03,DELIVERED
2121,979,43,2,2025-12-11,SHIPPED
2122,955,3,2,2025-10-29,PENDING
2123,807,37,2,2025-10-23,CANCELLED
2124,74,31,5,2025-11-18,DELIVERED
2125,380,24,5,2025-11-27,CANCELLED
2126,305,31,3,2025-11-20,CANCELLED
2127,682,45,3,2025-12-07,DELIVERED
2128,128,31,2,2025-10-30,PENDING
2129,975,14,3,2025-12-06,PENDING
2130,704,34,1,2025-12-13,SHIPPED
2131,720,35,4,2025-12-18,DELIVERED
2132,142,14,1,2025-11-15,SHIPPED
2133,819,26,4,2025-11-09,SHIPPED
2134,346,40,2,2025-10-26,PENDING
2135,929,23,4,2025-11-14,DELIVERED
2136,551,31,4,2025-11-16,PENDING
2137,722,9,2,2025-12-15,PENDING
2138,684,39,3,2025-12-17,DELIVERED
2139,471,29,4,2025-11-29,CANCELLED
2140,356,19,5,2025-12-07,PENDING
2141,118,35,3,2025-11-11,CANCELLED
2142,582,42,3,2025-11-26,CANCELLED
2143,102,3,2,2025-12-09,
2144,108,10,2,2025-11-24,SHIPPED
2145,657,4,1,2025-12-18,SHIPPED
2146,694,21,1,2025-12-19,DELIVERED
2147,146,27,5,2025-12-04,DELIVERED
2148,733,10,3,2025-12-02,PENDING
2149,336,33,2,2025-11-19,SHIPPED
2150,698,10,3,2025-11-11,DELIVERED
2151,18,34,5,2025-11-02,DELIVERED
2152,196,46,2,2025-11-25,DELIVERED
2153,897,16,4,2025-12-08,DELIVERED
2154,296,18,4,2025-12-06,SHIPPED
2155,64,28,1,2025-11-17,PENDING
2156,769,50,4,2025-11-30,PENDING
2157,940,23,3,2025-10-28,DELIVERED
2158,52,13,2,2025-11-21,SHIPPED
2159,962,18,5,2025-12-10,DELIVERED
2160,292,47,4,2025-12-12,CANCELLED
2161,589,47,1,2025-11-15,DELIVERED
2162,531,1,2,2025-12-16,DELIVERED
2163,562,43,3,2025-12-07,PENDING
2164,690,17,2,2025-10-24,PENDING
2165,336,2,2,2025-10-21,DELIVERED
2166,956,34,3,2025-10-26,DELIVERED
2167,781,17,3,2025-12-16,CANCELLED
2168,70,48,2,2025-11-07,SHIPPED
2169,29,34,2,2025-11-28,DELIVERED
2170,209,33,5,2025-10-25,SHIPPED
2171,737,1,1,2025-10-30,SHIPPED
2172,737,28,1,2025-10-23,SHIPPED
2173,293,49,4,2025-11-16,SHIPPED
2174,571,48,1,2025-10-22,DELIVERED
2175,104,31,4,2025-12-14,PENDING
2176,996,27,5,2025-11-07,CANCELLED
2177,93,49,4,2025-10-30,CANCELLED
2178,298,17,1,2025-12-11,PENDING
2179,949,35,4,2025-11-06,SHIPPED
2180,426,9,3,2025-11-21,SHIPPED
2181,292,6,2,2025-12-20,DELIVERED
2182,383,34,3,2025-12-13,SHIPPED
2183,360,4,5,2025-12-08,SHIPPED
2184,196,25,3,2025-12-12,DELIVERED
2185,433,27,4,2025-10-22,CANCELLED
2186,596,23,2,2025-10-28,SHIPPED
2187,615,47,1,2025-11-11,CANCELLED
2188,931,5,1,2025-11-13,DELIVERED
2189,826,34,3,2025-11-17,SHIPPED
2190,513,28,1,2025-12-05,DELIVERED
2191,736,43,3,2025-11-17,SHIPPED
2192,287,23,2,2025-11-04,DELIVERED
2193,294,27,5,2025-11-29,PENDING
2194,900,44,5,2025-11-07,SHIPPED
2195,927,10,1,2025-12-01,DELIVERED
2196,327,10,2,2025-12-18,SHIPPED
2197,211,16,4,2025-11-09,SHIPPED
2198,350,12,5,2025-11-26,DELIVERED
2199,622,14,2,2025-11-16,DELIVERED
2200,252,25,1,2025-12-03,CANCELLED
2201,963,23,2,2025-11-04,SHIPPED
2202,913,1,2,2025-11-13,SHIPPED
2203,186,44,1,2025-12-06,CANCELLED
2204,775,13,3,2025-10-25,CANCELLED
2205,388,14,2,2025-12-16,SHIPPED
2206,388,49,5,2025-11-28,SHIPPED
2207,592,9,5,2025-12-11,DELIVERED
2208,582,5,4,2025-12-17,DELIVERED
2209,179,27,4,2025-10-28,DELIVERED
2210,310,47,1,2025-11-18,CANCELLED
2211,981,12,5,2025-12-20,SHIPPED
2212,962,10,3,2025-10-23,DELIVERED
2213,469,49,1,2025-11-24,SHIPPED
2214,959,44,3,2025-12-04,PENDING
2215,230,19,1,2025-11-07,DELIVERED
2216,607,11,3,2025-11-30,CANCELLED
2217,841,21,1,2025-11-19,PENDING
2218,672,16,3,2025-12-19,DELIVERED
2219,691,26,2,2025-12-07,DELIVERED
2220,1000,36,3,2025-12-11,SHIPPED
2221,221,40,2,2025-11-08,SHIPPED
2222,687,35,1,2025-11-04,DELIVERED
2223,31,49,4,2025-11-05,SHIPPED
2224,248,37,4,2025-12-02,SHIPPED
2225,44,27,2,2025-11-14,DELIVERED
2226,589,47,5,2025-12-08,DELIVERED
2227,94,18,2,2025-11-05,DELIVERED
2228,442,12,2,2025-11-08,PENDING
2229,217,35,2,2025-12-03,SHIPPED
2230,224,47,5,2025-10-23,PENDING
2231,8,49,4,2025-12-15,CANCELLED
2232,722,38,4,2025-11-01,DELIVERED
2233,600,39,3,2025-12-06,SHIPPED
2234,872,12,1,2025-11-02,DELIVERED
2235,701,4,5,2025-11-02,PENDING
2236,743,29,3,2025-11-02,SHIPPED
2237,707,19,4,2025-11-08,SHIPPED
2238,71,32,1,2025-11-04,DELIVERED
2239,160,16,2,2025-10-22,CANCELLED
2240,450,1,2,2025-12-13,PENDING
2241,116,37,3,2025-10-21,SHIPPED
2242,229,5,4,2025-11-24,CANCELLED
2243,178,34,1,2025-12-17,PENDING
2244,647,36,3,2025-11-05,CANCELLED
2245,657,17,1,2025-12-05,DELIVERED
2246,154,45,3,2025-11-18,SHIPPED
2247,591,13,4,2025-11-24,SHIPPED
2248,761,39,4,2025-11-03,CANCELLED
2249,897,15,5,2025-11-26,SHIPPED
2250,644,46,5,2025-11-29,DELIVERED
2251,462,47,3,2025-11-14,CANCELLED
2252,781,34,2,2025-11-13,SHIPPED
2253,64,50,2,2025-10-30,PENDING
2254,32,4,3,2025-12-12,SHIPPED
2255,510,42,1,2025-11-16,CANCELLED
2256,581,14,3,2025-11-14,CANCELLED
2257,447,11,2,2025-11-23,CANCELLED
2258,968,6,5,2025-12-18,CANCELLED
2259,377,17,1,2025-11-05,PENDING
2260,414,24,5,2025-12-18,SHIPPED
2261,137,8,3,2025-12-18,SHIPPED
2262,469,4,5,2025-11-07,CANCELLED
2263,466,13,4,2025-11-16,CANCELLED
2264,297,37,5,2025-12-17,DELIVERED
2265,744,42,5,2025-12-18,CANCELLED
2266,515,47,2,2025-12-06,CANCELLED
2267,165,2,1,2025-11-09,SHIPPED
2268,916,15,5,2025-10-30,SHIPPED
2269,137,18,2,2025-10-31,DELIVERED
2270,68,9,4,2025-10-29,CANCELLED
2271,765,4,2,2025-11-10,DELIVERED
2272,497,15,3,2025-11-26,DELIVERED
2273,602,17,2,2025-10-23,CANCELLED
2274,586,9,5,2025-11-07,SHIPPED
2275,333,29,2,2025-10-29,DELIVERED
2276,468,16,1,2025-11-23,DELIVERED
2277,645,21,1,2025-12-12,SHIPPED
2278,24,11,4,2025-11-05,PENDING
2279,485,6,4,2025-10-22,DELIVERED
2280,477,6,1,2025-10-29,CANCELLED
2281,108,23,5,2025-11-27,SHIPPED
2282,909,19,2,2025-11-25,CANCELLED
2283,96,40,3,2025-10-27,PENDING
2284,45,16,1,2025-11-21,SHIPPED
2285,873,4,2,2025-12-17,SHIPPED
2286,69,1,4,2025-11-08,DELIVERED
2287,927,1,3,2025-12-11,PENDING
2288,941,47,4,2025-10-23,SHIPPED
2289,4,50,2,2025-11-21,SHIPPED
2290,685,29,4,2025-10-31,CANCELLED
2291,199,5,1,2025-10-22,SHIPPED
2292,114,4,2,2025-11-24,DELIVERED
2293,87,12,4,2025-11-25,CANCELLED
2294,854,12,5,2025-10-21,DELIVERED
2295,122,8,5,2025-11-01,CANCELLED
2296,678,38,1,2025-10-24,PENDING
2297,356,35,4,2025-11-14,CANCELLED
2298,351,2,1,2025-12-19,DELIVERED
2299,428,27,4,2025-11-11,DELIVERED
2300,178,31,5,2025-11-06,DELIVERED
2301,341,10,2,2025-12-05,PENDING
2302,999999,41,2,2025-10-26,CANCELLED
2303,646,3,2,2025-11-08,DELIVERED
2304,449,2,2,2025-11-20,DELIVERED
2305,747,15,2,2025-12-16,CANCELLED
2306,800,46,4,2025-10-25,DELIVERED
2307,923,21,4,2025-10-25,SHIPPED
2308,878,32,2,2025-11-21,DELIVERED
2309,979,7,2,2025-11-02,CANCELLED
2310,102,27,5,2025-11-20,DELIVERED
2311,679,5,1,2025-11-26,SHIPPED
2312,848,39,5,2025-12-14,CANCELLED
2313,617,29,2,2025-10-27,PENDING
2314,663,6,2,2025-11-15,DELIVERED
2315,780,6,2,2025-11-27,PENDING
2316,546,35,4,2025-12-16,CANCELLED
2317,139,13,1,2025-10-27,
2318,734,25,2,2025-12-17,PENDING
2319,716,11,4,2025-11-24,SHIPPED
2320,705,43,4,2025-11-25,CANCELLED
2321,789,27,2,2025-11-15,CANCELLED
2322,719,25,5,2025-11-03,SHIPPED
2323,479,13,2,2025-11-09,SHIPPED
2324,383,1,5,2025-10-23,PENDING
2325,802,22,2,2025-11-04,DELIVERED
2326,102,41,2,2025-12-16,CANCELLED
2327,150,36,4,2025-11-23,PENDING
2328,62,1,5,2025-12-15,DELIVERED
2329,775,38,5,2025-10-30,SHIPPED
2330,122,42,1,2025-11-19,DELIVERED
2331,217,8,4,2025-12-08,DELIVERED
2332,916,24,3,2025-10-27,SHIPPED
2333,874,6,1,2025-11-09,DELIVERED
2334,720,7,4,2025-10-29,CANCELLED
2335,225,38,3,2025-12-17,SHIPPED
2336,210,22,1,2025-12-10,CANCELLED
2337,381,4,4,2025-11-15,CANCELLED
2338,149,42,2,2025-11-16,SHIPPED
2339,997,45,2,2025-12-08,PENDING
2340,33,25,1,2025-11-05,DELIVERED
2341,526,15,4,2025-10-30,PENDING
2342,41,5,4,2025-10-22,CANCELLED
2343,56,28,2,2025-11-07,SHIPPED
2344,742,3,3,2025-10-22,SHIPPED
2345,665,33,2,2025-10-27,PENDING
2346,138,25,4,2025-11-17,DELIVERED
2347,827,22,5,2025-11-16,SHIPPED
2348,431,26,4,2025-12-02,PENDING
2349,768,20,1,2025-12-15,SHIPPED
2350,212,8,5,2025-11-09,SHIPPED
2351,512,2,3,2025-12-07,DELIVERED
2352,387,45,4,2025-10-22,CANCELLED
2353,551,46,4,2025-11-29,SHIPPED
2354,909,16,4,2025-11-29,CANCELLED
2355,670,4,2,2025-12-06,CANCELLED
2356,272,21,2,2025-12-20,DELIVERED
2357,604,4,2,2025-10-23,PENDING
2358,999,1,2,2025-12-03,PENDING
2359,73,41,5,2025-12-01,DELIVERED
2360,194,9,3,2025-12-07,SHIPPED
2361,722,42,1,2025-11-22,CANCELLED
2362,875,42,4,2025-12-04,DELIVERED
2363,85,9,5,2025-10-26,SHIPPED
2364,692,6,2,2025-10-24,SHIPPED
2365,361,43,5,2025-11-19,PENDING
2366,967,4,5,2025-11-22,PENDING
2367,161,18,5,2025-11-20,CANCELLED
2368,583,46,5,2025-12-06,SHIPPED
2369,207,15,5,2025-11-23,DELIVERED
2370,72,2,1,2025-11-19,CANCELLED
2371,755,40,3,2025-10-27,DELIVERED
2372,589,26,2,2025-11-27,CANCELLED
2373,570,43,1,2025-12-13,CANCELLED
2374,441,50,5,2025-10-21,CANCELLED
2375,927,42,2,2025-12-18,SHIPPED
2376,423,7,4,2025-11-15,DELIVERED
2377,498,10,1,2025-12-13,SHIPPED
2378,803,7,3,2025-12-07,CANCELLED
2379,425,26,1,2025-12-17,CANCELLED
2380,620,21,5,2025-11-17,CANCELLED
2381,935,18,4,2025-10-21,PENDING
2382,507,20,5,2025-10-25,SHIPPED
2383,356,25,1,2025-11-18,CANCELLED
2384,192,38,2,2025-12-17,CANCELLED
2385,310,11,3,2025-12-12,CANCELLED
2386,343,1,3,2025-12-04,DELIVERED
2387,674,19,4,2025-12-03,CANCELLED
2388,725,17,2,2025-11-04,SHIPPED
2389,336,17,1,2025-12-01,PENDING
2390,671,22,4,2025-11-25,SHIPPED
2391,867,3,1,2025-12-20,SHIPPED
2392,716,50,1,2025-12-19,CANCELLED
2393,951,45,3,2025-12-01,SHIPPED
2394,800,6,2,2025-10-31,CANCELLED
2395,644,23,2,2025-11-29,SHIPPED
2396,183,1,2,2025-11-06,PENDING
2397,675,41,3,2025-12-06,CANCELLED
2398,989,8,3,2025-11-03,CANCELLED
2399,280,43,5,2025-12-08,PENDING
2400,1,39,3,2025-10-28,CANCELLED
2401,840,35,3,2025-11-15,SHIPPED
2402,57,25,5,2025-11-23,SHIPPED
2403,11,25,4,2025-10-22,DELIVERED
2404,170,38,4,2025-10-22,CANCELLED
2405,795,18,5,2025-11-29,SHIPPED
2406,481,42,1,2025-11-01,SHIPPED
2407,937,25,1,2025-11-06,PENDING
2408,772,28,3,2025-12-17,PENDING
2409,225,26,2,2025-12-16,CANCELLED
2410,455,5,1,2025-11-09,CANCELLED
2411,553,18,1,2025-10-29,PENDING
2412,782,40,5,2025-12-03,SHIPPED
2413,1,44,3,2025-10-28,SHIPPED
2414,969,44,3,2025-11-08,CANCELLED
2415,60,30,5,2025-11-26,DELIVERED
2416,825,29,1,2025-12-12,SHIPPED
2417,202,45,3,2025-10-21,DELIVERED
2418,949,24,4,2025-12-06,CANCELLED
2419,963,4,2,2025-11-25,DELIVERED
2420,25,46,2,2025-11-16,CANCELLED
2421,476,31,1,2025-11-20,SHIPPED
2422,195,38,5,2025-11-18,PENDING
2423,12,23,2,2025-11-15,DELIVERED
2424,31,15,4,2025-11-21,SHIPPED
2425,534,36,3,2025-12-20,SHIPPED
2426,193,15,3,2025-11-12,SHIPPED
2427,117,45,1,2025-10-30,PENDING
2428,423,37,2,2025-12-10,SHIPPED
2429,888,48,3,2025-12-07,CANCELLED
2430,562,50,5,2025-11-28,CANCELLED
2431,302,19,2,2025-10-26,CANCELLED
2432,418,28,2,2025-12-04,DELIVERED
2433,342,40,4,2025-12-02,SHIPPED
2434,353,4,1,2025-10-26,DELIVERED
2435,585,32,4,2025-12-03,PENDING
2436,56,46,4,2025-12-03,CANCELLED
2437,238,34,1,2025-11-01,SHIPPED
2438,106,10,5,2025-12-16,PENDING
2439,211,18,4,2025-12-19,SHIPPED
2440,771,8,4,2025-11-03,DELIVERED
2441,697,37,5,2025-12-02,DELIVERED
2442,485,44,4,2025-11-29,DELIVERED
2443,523,26,4,2025-11-17,CANCELLED
2444,610,31,3,2025-12-01,CANCELLED
2445,210,10,5,2025-11-12,DELIVERED
2446,760,6,4,2025-11-14,PENDING
2447,960,19,3,2025-12-17,CANCELLED
2448,681,6,4,2025-11-07,PENDING
2449,747,42,2,2025-11-02,PENDING
2450,720,49,5,2025-12-06,CANCELLED
2451,688,13,4,2025-11-11,PENDING
2452,333,25,1,2025-11-19,PENDING
2453,880,8,1,2025-11-21,CANCELLED
2454,7,12,3,2025-11-23,SHIPPED
2455,380,30,5,2025-10-25,DELIVERED
2456,368,35,1,2025-12-18,SHIPPED
2457,55,1,5,2025-11-23,SHIPPED
2458,5,6,3,2025-12-19,SHIPPED
2459,220,31,4,2025-11-14,DELIVERED
2460,981,23,5,2025-10-27,PENDING
2461,113,49,5,2025-11-15,SHIPPED
2462,951,12,5,2025-10-29,SHIPPED
2463,335,6,2,2025-12-01,SHIPPED
2464,452,12,3,2025-11-07,CANCELLED
2465,465,24,1,2025-10-26,SHIPPED
2466,634,7,2,2025-11-24,SHIPPED
2467,940,3,1,2025-11-10,PENDING
2468,416,45,4,2025-11-16,SHIPPED
2469,977,46,2,2025-10-25,PENDING
2470,96,50,4,2025-11-07,PENDING
2471,594,5,2,2025-11-29,DELIVERED
2472,539,25,4,2025-12-06,PENDING
2473,5,12,3,2025-12-08,SHIPPED
2474,781,47,1,2025-11-26,CANCELLED
2475,877,26,1,2025-10-21,SHIPPED
2476,202,33,1,2025-10-29,
2477,199,29,2,2025-10-24,DELIVERED
2478,999999,30,1,2025-11-05,SHIPPED
2479,617,8,1,2025-11-07,CANCELLED
2480,619,24,4,2025-12-10,DELIVERED
2481,248,42,5,2025-11-29,PENDING
2482,930,35,1,2025-11-03,PENDING
2483,193,11,1,2025-12-17,CANCELLED
2484,563,33,5,2025-11-28,DELIVERED
2485,236,23,1,2025-11-04,DELIVERED
2486,117,30,3,2025-11-17,CANCELLED
2487,356,22,2,2025-11-04,PENDING
2488,784,24,4,2025-10-24,SHIPPED
2489,877,4,3,2025-11-19,SHIPPED
2490,750,35,3,2025-11-10,CANCELLED
2491,585,42,2,2025-12-08,CANCELLED
2492,999999,6,2,2025-12-03,DELIVERED
2493,732,30,4,2025-12-11,CANCELLED
2494,126,29,3,2025-11-11,CANCELLED
2495,371,20,5,2025-11-18,SHIPPED
2496,536,49,3,2025-11-09,SHIPPED
2497,1,19,2,2025-11-28,PENDING
2498,5,32,5,2025-12-11,CANCELLED
2499,570,35,3,2025-12-06,SHIPPED
2500,163,42,4,2025-12-20,SHIPPED
2501,338,18,4,2025-10-29,SHIPPED
2502,654,31,4,2025-11-20,SHIPPED
2503,509,8,2,2025-11-07,CANCELLED
2504,996,28,4,2025-12-04,CANCELLED
2505,660,37,3,2025-10-29,PENDING
2506,354,32,5,2025-12-06,SHIPPED
2507,999999,45,3,2025-11-12,DELIVERED
2508,739,28,5,2025-11-25,DELIVERED
2509,825,9,4,2025-11-27,DELIVERED
2510,941,47,4,2025-12-18,CANCELLED
2511,327,25,1,2025-12-12,SHIPPED
2512,117,17,5,2025-10-25,CANCELLED
2513,203,19,2,2025-11-17,SHIPPED
2514,896,20,2,2025-11-14,CANCELLED
2515,367,22,5,2025-12-13,PENDING
2516,606,9,3,2025-11-01,CANCELLED
2517,469,24,3,2025-11-22,DELIVERED
2518,859,4,4,2025-12-07,PENDING
2519,188,31,4,2025-11-23,DELIVERED
2520,377,5,4,2025-10-23,CANCELLED
2521,94,40,4,2025-11-29,DELIVERED
2522,788,20,5,2025-10-28,DELIVERED
2523,900,22,5,2025-11-02,SHIPPED
2524,996,25,2,2025-12-17,DELIVERED
2525,425,17,2,2025-10-24,PENDING
2526,286,3,2,2025-11-18,PENDING
2527,12,32,2,2025-12-04,DELIVERED
2528,283,27,4,2025-11-24,CANCELLED
2529,174,5,2,2025-11-22,CANCELLED
2530,463,1,3,2025-12-04,CANCELLED
2531,758,10,5,2025-11-26,CANCELLED
2532,574,50,2,2025-11-16,DELIVERED
2533,84,39,1,2025-12-05,CANCELLED
2534,844,8,1,2025-11-17,SHIPPED
2535,133,12,2,2025-11-11,SHIPPED
2536,577,35,1,2025-11-20,PENDING
2537,675,2,3,2025-12-04,CANCELLED
2538,315,12,5,2025-11-05,PENDING
2539,296,2,1,2025-11-08,DELIVERED
2540,102,46,1,2025-12-17,SHIPPED
2541,303,1,3,2025-11-12,CANCELLED
2542,379,2,3,2025-11-23,SHIPPED
2543,110,5,1,2025-12-08,CANCELLED
2544,644,44,1,2025-11-16,CANCELLED
2545,136,45,1,2025-10-30,DELIVERED
2546,976,20,3,2025-12-17,DELIVERED
2547,301,35,5,2025-11-05,PENDING
2548,391,41,3,2025-10-25,DELIVERED
2549,975,41,5,2025-12-14,CANCELLED
2550,521,47,4,2025-12-10,DELIVERED
2551,405,43,1,2025-11-09,PENDING
2552,96,26,5,2025-11-18,SHIPPED
2553,937,20,3,2025-12-17,SHIPPED
2554,430,47,3,2025-11-22,CANCELLED
2555,611,18,5,2025-11-09,DELIVERED
2556,25,9,3,2025-11-21,PENDING
2557,530,9,4,2025-10-30,CANCELLED
2558,970,6,3,2025-11-17,PENDING
2559,43,30,3,2025-12-07,CANCELLED
2560,759,4,5,2025-12-15,CANCELLED
2561,164,26,3,2025-10-31,SHIPPED
2562,21,28,3,2025-10-21,CANCELLED
2563,499,44,3,2025-10-30,SHIPPED
2564,624,22,1,2025-11-21,CANCELLED
2565,741,50,4,2025-11-18,SHIPPED
2566,703,25,4,2025-12-14,CANCELLED
2567,602,32,4,2025-12-04,DELIVERED
2568,178,47,3,2025-11-12,SHIPPED
2569,297,23,3,2025-11-04,SHIPPED
2570,662,1,4,2025-11-28,DELIVERED
2571,248,12,1,2025-11-26,DELIVERED
2572,406,28,5,2025-11-14,SHIPPED
2573,623,43,5,2025-12-18,DELIVERED
2574,732,30,5,2025-11-10,SHIPPED
2575,805,34,1,2025-12-11,PENDING
2576,360,25,2,2025-11-30,PENDING
2577,896,25,2,2025-10-25,CANCELLED
2578,959,46,3,2025-11-23,SHIPPED
2579,867,16,4,2025-12-08,CANCELLED
2580,271,31,1,2025-11-09,DELIVERED
2581,39,41,2,2025-12-12,CANCELLED
2582,649,5,5,2025-12-04,SHIPPED
2583,190,25,5,2025-12-19,CANCELLED
2584,648,26,4,2025-12-02,SHIPPED
2585,645,34,2,2025-11-16,PENDING
2586,533,21,5,2025-12-13,DELIVERED
2587,948,21,2,2025-10-31,DELIVERED
2588,167,36,2,2025-11-27,
2589,664,28,1,2025-10-24,CANCELLED
2590,300,39,2,2025-11-23,SHIPPED
2591,964,45,2,2025-12-12,CANCELLED
2592,91,16,5,2025-11-20,DELIVERED
2593,252,27,5,2025-12-08,SHIPPED
2594,807,29,4,2025-12-15,DELIVERED
2595,475,9,4,2025-11-05,PENDING
2596,143,5,2,2025-12-13,CANCELLED
2597,60,48,4,2025-10-30,DELIVERED
2598,94,15,5,2025-11-16,DELIVERED
2599,429,17,4,2025-11-15,SHIPPED
2600,382,22,4,2025-12-03,SHIPPED
2601,595,48,2,2025-11-03,DELIVERED
2602,390,1,3,2025-11-22,PENDING
2603,181,49,3,2025-11-06,DELIVERED
2604,520,34,2,2025-12-20,DELIVERED
2605,620,25,4,2025-11-08,SHIPPED
2606,306,47,4,2025-11-25,DELIVERED
2607,199,13,3,2025-11-25,PENDING
2608,837,32,5,2025-11-19,CANCELLED
2609,415,17,1,2025-10-23,PENDING
2610,778,42,4,2025-11-05,CANCELLED
2611,417,39,4,2025-10-23,SHIPPED
2612,998,20,5,2025-12-10,SHIPPED
2613,999,1,3,2025-12-09,SHIPPED
2614,149,34,5,2025-12-05,DELIVERED
2615,392,33,3,2025-10-26,SHIPPED
2616,987,24,1,2025-12-14,SHIPPED
2617,153,35,3,2025-12-17,CANCELLED
2618,420,45,2,2025-11-05,PENDING
2619,241,36,5,2025-12-16,PENDING
2620,550,6,4,2025-11-26,SHIPPED
2621,758,13,5,2025-10-31,SHIPPED
2622,483,8,4,2025-11-13,CANCELLED
2623,88,49,5,2025-11-17,CANCELLED
2624,235,16,2,2025-10-22,DELIVERED
2625,138,39,4,2025-12-20,SHIPPED
2626,16,12,2,2025-12-02,SHIPPED
2627,253,30,3,2025-11-13,PENDING
2628,750,26,2,2025-11-17,CANCELLED
2629,946,36,4,2025-10-24,SHIPPED
2630,204,15,3,2025-11-20,DELIVERED
2631,647,43,4,2025-11-23,PENDING
2632,537,44,5,2025-11-01,PENDING
2633,40,21,2,2025-11-13,SHIPPED
2634,43,36,2,2025-11-15,PENDING
2635,817,4,3,2025-11-06,CANCELLED
2636,482,37,2,2025-12-03,DELIVERED
2637,741,24,1,2025-11-24,SHIPPED
2638,313,30,2,2025-11-11,SHIPPED
2639,270,2,4,2025-11-17,SHIPPED
2640,614,16,3,2025-11-03,PENDING
2641,305,45,1,2025-12-04,PENDING
2642,27,24,2,2025-10-23,DELIVERED
2643,984,11,4,2025-10-26,DELIVERED
2644,880,49,2,2025-12-17,CANCELLED
2645,40,44,3,2025-12-18,PENDING
2646,290,38,4,2025-11-17,CANCELLED
2647,250,12,3,2025-12-10,SHIPPED
2648,345,31,5,2025-10-27,DELIVERED
2649,887,20,5,2025-12-04,SHIPPED
2650,107,48,2,2025-11-20,PENDING
2651,182,17,2,2025-12-09,SHIPPED
2652,167,3,5,2025-11-28,SHIPPED
2653,792,11,2,2025-12-11,PENDING
2654,732,5,5,2025-12-16,CANCELLED
2655,600,12,3,2025-11-05,SHIPPED
2656,910,7,4,2025-12-13,DELIVERED
2657,774,16,4,2025-11-21,CANCELLED
2658,220,30,3,2025-12-06,SHIPPED
2659,324,13,3,2025-12-15,PENDING
2660,495,20,3,2025-12-13,CANCELLED
2661,483,43,2,2025-11-04,DELIVERED
2662,380,4,3,2025-11-29,DELIVERED
2663,693,5,4,2025-11-02,CANCELLED
2664,450,26,3,2025-11-16,PENDING
2665,867,10,3,2025-11-17,DELIVERED
2666,313,17,4,2025-11-30,CANCELLED
2667,905,26,3,2025-11-07,DELIVERED
2668,385,10,3,2025-12-08,PENDING
2669,882,12,2,2025-11-08,CANCELLED
2670,611,45,5,2025-10-26,SHIPPED
2671,538,42,5,2025-11-03,DELIVERED
2672,168,39,4,2025-11-01,DELIVERED
2673,57,10,1,2025-11-18,SHIPPED
2674,994,33,5,2025-11-15,DELIVERED
2675,291,26,3,2025-11-30,PENDING
2676,711,12,4,2025-12-20,DELIVERED
2677,314,11,3,2025-11-11,CANCELLED
2678,739,10,3,2025-12-03,CANCELLED
2679,636,35,4,2025-11-27,SHIPPED
2680,834,45,5,2025-11-13,DELIVERED
2681,40,47,3,2025-11-15,DELIVERED
2682,658,39,3,2025-12-06,PENDING
2683,827,17,1,2025-11-24,SHIPPED
2684,259,17,2,2025-11-17,CANCELLED
2685,672,1,1,2025-11-24,PENDING
2686,316,22,4,2025-10-31,CANCELLED
2687,241,14,1,2025-12-17,SHIPPED
2688,488,38,4,2025-12-10,DELIVERED
2689,872,4,4,2025-12-05,CANCELLED
2690,970,5,1,2025-12-15,SHIPPED
2691,821,9,1,2025-10-21,SHIPPED
2692,456,17,2,2025-12-14,SHIPPED
2693,310,27,1,2025-11-08,CANCELLED
2694,616,30,5,2025-11-30,CANCELLED
2695,17,37,2,2025-10-21,SHIPPED
2696,528,4,3,2025-12-11,DELIVERED
2697,531,4,2,2025-11-24,CANCELLED
2698,837,35,4,2025-10-31,PENDING
2699,303,46,3,2025-10-21,SHIPPED
2700,157,35,3,2025-10-22,PENDING
2701,544,23,4,2025-11-22,SHIPPED
2702,862,19,2,2025-11-03,SHIPPED
2703,779,40,1,2025-11-15,PENDING
2704,719,10,3,2025-12-17,CANCELLED
2705,273,45,5,2025-10-26,PENDING
2706,656,22,5,2025-11-02,CANCELLED
2707,952,20,4,2025-11-25,PENDING
2708,729,48,1,2025-11-09,PENDING
2709,673,22,5,2025-11-01,PENDING
2710,379,28,1,2025-11-13,DELIVERED
2711,954,5,5,2025-12-20,PENDING
2712,295,47,1,2025-12-12,DELIVERED
2713,241,45,4,2025-12-13,PENDING
2714,615,39,4,2025-12-09,PENDING
2715,660,31,1,2025-11-22,DELIVERED
2716,659,2,5,2025-11-09,PENDING
2717,124,28,2,2025-11-27,CANCELLED
2718,348,48,1,2025-11-07,PENDING
2719,675,19,1,2025-12-05,CANCELLED
2720,97,42,1,2025-11-22,DELIVERED
2721,577,34,5,2025-11-23,PENDING
2722,304,30,1,2025-11-09,DELIVERED
2723,581,14,2,2025-12-02,PENDING
2724,778,23,5,2025-10-25,CANCELLED
2725,918,30,2,2025-11-29,CANCELLED
2726,808,6,5,2025-10-24,DELIVERED
2727,222,35,4,2025-12-01,PENDING
2728,358,2,1,2025-11-23,SHIPPED
2729,478,10,2,2025-10-28,PENDING
2730,200,18,1,2025-12-15,PENDING
2731,418,16,4,2025-11-02,CANCELLED
2732,72,13,4,2025-11-26,CANCELLED
2733,396,33,2,2025-10-28,CANCELLED
2734,606,5,5,2025-11-26,CANCELLED
2735,205,32,4,2025-11-16,DELIVERED
2736,419,21,2,2025-10-30,PENDING
2737,251,38,4,2025-11-24,PENDING
2738,936,43,2,2025-11-17,DELIVERED
2739,223,4,3,2025-10-30,SHIPPED
2740,929,21,4,2025-12-12,CANCELLED
2741,817,31,5,2025-11-21,CANCELLED
2742,194,6,5,2025-12-06,DELIVERED
2743,366,12,4,2025-11-03,PENDING
2744,407,23,2,2025-12-11,PENDING
2745,378,23,2,2025-11-20,SHIPPED
2746,977,1,4,2025-10-30,PENDING
2747,34,6,4,2025-11-07,CANCELLED
2748,421,4,3,2025-12-15,SHIPPED
2749,975,45,1,2025-11-19,CANCELLED
2750,693,12,4,2025-11-17,DELIVERED
2751,554,33,2,2025-11-21,PENDING
2752,839,9,3,2025-11-29,PENDING
2753,454,45,1,2025-11-26,SHIPPED
2754,992,26,3,2025-11-18,DELIVERED
2755,136,38,1,2025-10-25,CANCELLED
2756,86,30,2,2025-12-17,DELIVERED
2757,699,17,3,2025-12-10,DELIVERED
2758,785,5,4,2025-12-06,CANCELLED
2759,631,2,5,2025-12-18,SHIPPED
2760,497,14,2,2025-11-22,CANCELLED
2761,616,37,2,2025-12-19,SHIPPED
2762,845,2,1,2025-12-20,CANCELLED
2763,915,18,1,2025-11-04,CANCELLED
2764,606,6,2,2025-11-11,SHIPPED
2765,893,36,3,2025-12-19,DELIVERED
2766,999999,43,1,2025-11-25,DELIVERED
2767,900,26,4,2025-11-14,CANCELLED
2768,597,47,3,2025-12-02,DELIVERED
2769,782,42,4,2025-10-28,PENDING
2770,306,38,1,2025-10-24,DELIVERED
2771,612,36,3,2025-11-04,CANCELLED
2772,333,46,2,2025-11-18,DELIVERED
2773,697,27,4,2025-10-24,DELIVERED
2774,926,21,3,2025-11-20,CANCELLED
2775,627,50,2,2025-11-13,DELIVERED
2776,887,14,3,2025-10-30,PENDING
2777,699,45,1,2025-11-04,CANCELLED
2778,579,30,5,2025-11-30,SHIPPED
2779,753,23,5,2025-12-08,SHIPPED
2780,5,15,5,2025-12-15,PENDING
2781,53,19,3,2025-12-06,PENDING
2782,315,35,3,2025-11-13,CANCELLED
2783,731,24,4,2025-10-26,DELIVERED
2784,252,34,4,2025-11-17,PENDING
2785,347,4,4,2025-11-25,CANCELLED
2786,547,46,1,2025-11-12,PENDING
2787,337,44,1,2025-11-18,CANCELLED
2788,806,50,4,2025-12-13,CANCELLED
2789,938,29,3,2025-11-04,SHIPPED
2790,591,11,4,2025-11-16,DELIVERED
2791,918,43,5,2025-12-13,PENDING
2792,668,26,3,2025-10-31,DELIVERED
2793,573,17,5,2025-10-28,DELIVERED
2794,413,35,3,2025-10-31,CANCELLED
2795,840,30,3,2025-11-14,SHIPPED
2796,331,9,1,2025-11-26,PENDING
2797,170,36,2,2025-11-20,PENDING
2798,800,2,5,2025-11-11,PENDING
2799,673,11,5,2025-12-13,SHIPPED
2800,149,12,2,2025-12-13,CANCELLED
2801,78,35,3,2025-10-21,CANCELLED
2802,21,2,2,2025-11-23,SHIPPED
2803,16,17,4,2025-11-15,CANCELLED
2804,3,10,5,2025-11-01,SHIPPED
2805,999999,29,1,2025-11-15,SHIPPED
2806,791,1,2,2025-11-12,SHIPPED
2807,381,31,1,2025-11-27,PENDING
2808,484,41,1,2025-11-03,DELIVERED
2809,971,22,4,2025-11-10,CANCELLED
2810,46,50,2,2025-12-20,DELIVERED
2811,975,36,4,2025-12-02,DELIVERED
2812,949,28,1,2025-12-20,CANCELLED
2813,32,21,5,2025-11-21,PENDING
2814,59,30,3,2025-11-16,DELIVERED
2815,603,12,3,2025-11-22,PENDING
2816,247,31,5,2025-12-14,CANCELLED
2817,777,15,5,2025-12-17,PENDING
2818,999999,12,3,2025-10-28,DELIVERED
2819,84,22,4,2025-10-25,PENDING
2820,49,15,2,2025-11-29,DELIVERED
2821,265,47,4,2025-10-23,CANCELLED
2822,76,21,1,2025-11-09,SHIPPED
2823,309,40,4,2025-11-10,SHIPPED
2824,562,44,1,2025-12-11,SHIPPED
2825,39,42,2,2025-11-23,CANCELLED
2826,297,30,3,2025-11-10,PENDING
2827,896,3,1,2025-10-31,PENDING
2828,121,37,3,2025-12-03,SHIPPED
2829,828,22,3,2025-11-27,CANCELLED
2830,552,24,3,2025-12-18,DELIVERED
2831,801,27,2,2025-11-06,PENDING
2832,919,11,3,2025-12-07,CANCELLED
2833,971,1,3,2025-11-19,PENDING
2834,80,32,5,2025-12-02,CANCELLED
2835,965,9,5,2025-11-23,CANCELLED
2836,564,26,2,2025-12-15,CANCELLED
2837,74,42,5,2025-10-31,SHIPPED
2838,431,14,2,2025-12-15,SHIPPED
2839,285,38,3,2025-11-21,SHIPPED
2840,718,8,4,2025-12-19,SHIPPED
2841,351,44,2,2025-12-09,SHIPPED
2842,262,41,4,2025-12-20,PENDING
2843,264,38,4,2025-11-25,CANCELLED
2844,994,11,2,2025-10-23,CANCELLED
2845,649,32,2,2025-10-25,CANCELLED
2846,609,6,4,2025-12-03,DELIVERED
2847,323,19,1,2025-11-28,CANCELLED
2848,383,40,4,2025-10-26,CANCELLED
2849,600,49,5,2025-11-08,DELIVERED
2850,256,40,5,2025-11-19,SHIPPED
2851,184,5,1,2025-10-22,
2852,725,27,5,2025-12-11,CANCELLED
2853,141,6,4,2025-11-02,CANCELLED
2854,269,37,1,2025-12-18,DELIVERED
2855,369,1,4,2025-10-26,CANCELLED
2856,659,24,3,2025-10-21,DELIVERED
2857,76,49,4,2025-10-23,DELIVERED
2858,894,44,3,2025-12-10,SHIPPED
2859,584,31,3,2025-10-28,PENDING
2860,160,28,4,2025-11-08,CANCELLED
2861,293,7,4,2025-11-21,CANCELLED
2862,151,42,1,2025-11-19,PENDING
2863,461,36,3,2025-12-02,DELIVERED
2864,410,14,3,2025-11-14,DELIVERED
2865,557,42,3,2025-12-03,SHIPPED
2866,446,11,1,2025-12-18,CANCELLED
2867,628,24,5,2025-12-10,DELIVERED
2868,104,35,3,2025-12-20,CANCELLED
2869,655,34,5,2025-10-31,CANCELLED
2870,872,46,4,2025-11-17,PENDING
2871,669,39,3,2025-12-02,DELIVERED
2872,883,24,5,2025-10-26,DELIVERED
2873,988,45,4,2025-12-02,DELIVERED
2874,844,27,2,2025-10-24,DELIVERED
2875,447,31,4,2025-11-29,DELIVERED
2876,924,11,4,2025-12-19,SHIPPED
2877,214,1,3,2025-11-27,SHIPPED
2878,255,34,3,2025-12-04,CANCELLED
2879,659,3,5,2025-12-13,SHIPPED
2880,702,47,3,2025-12-05,PENDING
2881,840,39,2,2025-11-24,DELIVERED
2882,385,31,5,2025-11-23,DELIVERED
2883,349,8,4,2025-10-28,SHIPPED
2884,495,8,3,2025-11-10,CANCELLED
2885,645,22,2,2025-12-19,PENDING
2886,315,9,1,2025-11-05,SHIPPED
2887,999,41,2,2025-11-26,CANCELLED
2888,566,3,1,2025-11-29,PENDING
2889,733,25,5,2025-10-31,PENDING
2890,753,32,4,2025-11-29,PENDING
2891,816,46,5,2025-12-12,SHIPPED
2892,648,7,2,2025-12-07,PENDING
2893,742,45,1,2025-10-22,SHIPPED
2894,73,32,2,2025-12-02,PENDING
2895,988,16,3,2025-11-08,CANCELLED
2896,938,22,3,2025-11-28,DELIVERED
2897,788,22,5,2025-11-20,SHIPPED
2898,107,32,3,2025-12-20,DELIVERED
2899,38,34,3,2025-11-23,CANCELLED
2900,613,18,3,2025-11-23,CANCELLED
2901,844,43,5,2025-10-28,SHIPPED
2902,263,48,4,2025-11-03,DELIVERED
2903,670,46,4,2025-10-23,DELIVERED
2904,678,15,5,2025-12-01,CANCELLED
2905,491,37,1,2025-11-09,DELIVERED
2906,501,44,2,2025-11-05,CANCELLED
2907,52,33,2,2025-12-17,DELIVERED
2908,893,46,1,2025-11-02,CANCELLED
2909,354,5,3,2025-11-19,SHIPPED
2910,821,49,1,2025-12-02,PENDING
2911,400,39,4,2025-12-19,PENDING
2912,589,41,4,2025-12-18,PENDING
2913,873,18,4,2025-12-13,SHIPPED
2914,491,8,5,2025-12-20,SHIPPED
2915,930,37,3,2025-11-06,PENDING
2916,215,3,5,2025-11-11,SHIPPED
2917,321,38,1,2025-11-04,SHIPPED
2918,778,39,4,2025-10-23,CANCELLED
2919,835,49,3,2025-11-17,DELIVERED
2920,42,1,5,2025-11-29,CANCELLED
2921,176,14,2,2025-11-07,PENDING
2922,664,41,2,2025-10-24,DELIVERED
2923,623,17,5,2025-12-16,DELIVERED
2924,147,27,3,2025-12-20,PENDING
2925,874,14,1,2025-12-11,SHIPPED
2926,540,20,3,2025-12-20,PENDING
2927,544,8,5,2025-10-28,CANCELLED
2928,70,49,1,2025-11-20,PENDING
2929,459,7,1,2025-11-21,CANCELLED
2930,872,9,2,2025-10-31,CANCELLED
2931,932,23,5,2025-12-01,PENDING
2932,811,47,1,2025-12-11,PENDING
2933,545,1,2,2025-12-16,SHIPPED
2934,254,42,3,2025-12-18,SHIPPED
2935,402,4,1,2025-11-18,DELIVERED
2936,165,14,3,2025-11-02,CANCELLED
2937,930,28,2,2025-11-03,PENDING
2938,247,1,5,2025-11-15,DELIVERED
2939,604,34,3,2025-11-25,CANCELLED
2940,175,5,5,2025-10-29,PENDING
2941,292,35,1,2025-10-25,CANCELLED
2942,818,8,5,2025-11-26,
2943,612,23,4,2025-11-16,CANCELLED
2944,460,48,2,2025-11-08,SHIPPED
2945,659,38,4,2025-11-27,SHIPPED
2946,195,11,4,2025-11-02,CANCELLED
2947,563,47,4,2025-12-11,DELIVERED
2948,149,23,5,2025-12-16,PENDING
2949,360,21,2,2025-11-02,DELIVERED
2950,975,40,4,2025-11-24,DELIVERED
2951,591,50,3,2025-11-06,CANCELLED
2952,299,33,2,2025-11-08,SHIPPED
2953,983,17,2,2025-11-03,DELIVERED
2954,311,45,4,2025-10-25,PENDING
2955,689,2,2,2025-11-16,DELIVERED
2956,962,25,1,2025-11-18,DELIVERED
2957,934,34,1,2025-11-02,SHIPPED
2958,631,30,3,2025-10-31,CANCELLED
2959,167,27,2,2025-10-25,PENDING
2960,339,6,5,2025-10-25,CANCELLED
2961,349,50,1,2025-10-26,DELIVERED
2962,802,14,1,2025-12-10,CANCELLED
2963,56,14,3,2025-12-10,PENDING
2964,69,26,4,2025-11-28,DELIVERED
2965,978,26,3,2025-12-07,SHIPPED
2966,67,12,4,2025-12-07,DELIVERED
2967,40,22,5,2025-11-12,CANCELLED
2968,334,29,4,2025-12-14,DELIVERED
2969,354,24,1,2025-12-05,PENDING
2970,789,7,3,2025-11-14,DELIVERED
2971,708,45,4,2025-10-22,DELIVERED
2972,593,22,2,2025-12-15,SHIPPED
2973,242,16,5,2025-11-10,SHIPPED
2974,521,12,5,2025-11-06,DELIVERED
2975,639,28,3,2025-11-15,SHIPPED
2976,188,31,5,2025-12-20,PENDING
2977,308,13,5,2025-10-25,DELIVERED
2978,652,31,3,2025-11-16,CANCELLED
2979,311,10,4,2025-11-29,PENDING
2980,523,38,5,2025-11-18,SHIPPED
2981,842,14,5,2025-10-30,CANCELLED
2982,973,31,5,2025-11-06,PENDING
2983,61,25,2,2025-11-27,CANCELLED
2984,217,15,1,2025-12-06,DELIVERED
2985,489,32,3,2025-11-30,
2986,65,48,4,2025-12-15,PENDING
2987,720,6,4,2025-10-23,PENDING
2988,944,44,5,2025-12-16,DELIVERED
2989,283,25,2,2025-12-05,CANCELLED
2990,755,28,4,2025-10-28,SHIPPED
2991,794,20,5,2025-11-05,PENDING
2992,180,15,1,2025-11-27,DELIVERED
2993,74,42,2,2025-11-13,CANCELLED
2994,56,21,1,2025-12-19,SHIPPED
2995,569,6,4,2025-11-25,DELIVERED
2996,607,36,5,2025-12-06,SHIPPED
2997,126,32,4,2025-11-26,SHIPPED
2998,572,47,3,2025-11-01,CANCELLED
2999,407,45,2,2025-11-17,DELIVERED
3000,458,39,5,2025-12-01,SHIPPED
3001,233,12,2,2025-11-29,DELIVERED
3002,999999,20,3,2025-12-11,CANCELLED
3003,451,19,2,2025-11-13,PENDING
3004,709,24,4,2025-12-08,DELIVERED
3005,847,26,1,2025-12-07,SHIPPED
3006,551,1,5,2025-11-02,DELIVERED
3007,136,4,5,2025-12-03,DELIVERED
3008,333,1,1,2025-10-22,SHIPPED
3009,390,37,5,2025-11-08,PENDING
3010,388,15,4,2025-12-15,DELIVERED
3011,266,2,2,2025-12-15,SHIPPED
3012,968,10,2,2025-10-25,DELIVERED
3013,648,39,3,2025-11-09,PENDING
3014,446,15,2,2025-11-18,DELIVERED
3015,770,37,4,2025-10-21,CANCELLED
3016,135,38,2,2025-10-28,CANCELLED
3017,154,16,1,2025-10-27,PENDING
3018,595,29,4,2025-11-06,PENDING
3019,546,24,3,2025-11-15,DELIVERED
3020,450,3,1,2025-11-27,CANCELLED
3021,8,17,3,2025-11-17,SHIPPED
3022,426,1,3,2025-11-22,PENDING
3023,241,30,1,2025-11-02,CANCELLED
3024,394,21,5,2025-11-21,DELIVERED
3025,2,35,2,2025-10-24,CANCELLED
3026,384,1,2,2025-12-05,SHIPPED
3027,455,37,3,2025-12-07,PENDING
3028,668,22,1,2025-11-20,PENDING
3029,956,49,4,2025-12-19,PENDING
3030,736,6,4,2025-12-14,CANCELLED
3031,87,31,1,2025-11-05,PENDING
3032,561,34,3,2025-10-29,CANCELLED
3033,499,39,2,2025-11-08,SHIPPED
3034,977,46,2,2025-11-08,SHIPPED
3035,722,50,3,2025-12-10,DELIVERED
3036,556,11,2,2025-10-31,CANCELLED
3037,972,43,2,2025-11-13,
3038,260,47,1,2025-12-19,PENDING
3039,902,20,4,2025-10-28,DELIVERED
3040,745,4,2,2025-11-20,DELIVERED
3041,373,2,4,2025-11-12,CANCELLED
3042,933,38,4,2025-10-21,SHIPPED
3043,810,5,4,2025-11-13,PENDING
3044,682,15,5,2025-11-17,SHIPPED
3045,242,19,4,2025-12-13,CANCELLED
3046,369,38,5,2025-12-01,SHIPPED
3047,380,1,4,2025-11-16,CANCELLED
3048,509,30,5,2025-12-05,CANCELLED
3049,986,10,5,2025-11-23,CANCELLED
3050,191,41,3,2025-12-17,PENDING
3051,639,14,2,2025-12-17,CANCELLED
3052,976,50,3,2025-11-30,PENDING
3053,995,42,4,2025-12-04,DELIVERED
3054,184,19,1,2025-11-19,CANCELLED
3055,589,37,4,2025-12-14,CANCELLED
3056,219,26,2,2025-11-10,CANCELLED
3057,567,44,5,2025-12-19,SHIPPED
3058,907,32,3,2025-10-24,DELIVERED
3059,947,38,3,2025-11-24,DELIVERED
3060,907,16,4,2025-11-03,SHIPPED
3061,183,25,3,2025-11-05,SHIPPED
3062,955,22,2,2025-10-26,DELIVERED
3063,6,13,5,2025-11-18,DELIVERED
3064,425,34,3,2025-12-07,PENDING
3065,2,42,2,2025-11-21,SHIPPED
3066,282,42,3,2025-11-05,SHIPPED
3067,987,24,4,2025-10-29,PENDING
3068,273,27,4,2025-10-22,CANCELLED
3069,186,33,2,2025-10-27,SHIPPED
3070,936,38,4,2025-12-17,DELIVERED
3071,505,45,3,2025-11-27,PENDING
3072,967,31,2,2025-11-12,CANCELLED
3073,784,33,4,2025-12-15,DELIVERED
3074,917,15,4,2025-12-04,DELIVERED
3075,483,44,5,2025-12-16,DELIVERED
3076,239,35,4,2025-10-23,CANCELLED
3077,848,21,5,2025-10-23,CANCELLED
3078,95,38,4,2025-11-05,SHIPPED
3079,57,8,1,2025-11-15,PENDING
3080,515,46,5,2025-10-22,CANCELLED
3081,604,26,2,2025-11-12,DELIVERED
3082,716,3,4,2025-12-15,DELIVERED
3083,92,10,5,2025-11-08,PENDING
3084,182,45,4,2025-10-29,CANCELLED
3085,418,50,5,2025-11-14,DELIVERED
3086,810,25,2,2025-12-09,SHIPPED
3087,704,16,2,2025-12-17,DELIVERED
3088,783,39,3,2025-11-23,DELIVERED
3089,284,27,1,2025-12-01,CANCELLED
3090,463,28,5,2025-12-06,PENDING
3091,674,13,4,2025-11-16,DELIVERED
3092,953,31,1,2025-12-06,CANCELLED
3093,886,37,1,2025-12-14,SHIPPED
3094,962,25,2,2025-10-29,PENDING
3095,657,29,3,2025-11-30,DELIVERED
3096,170,27,3,2025-11-17,SHIPPED
3097,459,18,3,2025-10-26,SHIPPED
3098,503,42,3,2025-12-17,DELIVERED
3099,999999,10,1,2025-11-16,DELIVERED
3100,414,5,3,2025-11-13,DELIVERED
3101,840,37,4,2025-11-13,SHIPPED
3102,394,40,4,2025-12-06,PENDING
3103,25,17,1,2025-12-02,DELIVERED
3104,589,35,1,2025-12-11,DELIVERED
3105,981,33,4,2025-11-01,SHIPPED
3106,658,34,5,2025-10-28,CANCELLED
3107,520,47,4,2025-12-04,PENDING
3108,530,34,3,2025-10-25,PENDING
3109,473,6,3,2025-11-30,SHIPPED
3110,652,11,3,2025-11-24,CANCELLED
3111,601,44,2,2025-10-31,CANCELLED
3112,429,40,1,2025-11-02,PENDING
3113,305,11,1,2025-10-23,CANCELLED
3114,856,4,1,2025-12-12,SHIPPED
3115,507,21,1,2025-12-05,DELIVERED
3116,681,50,4,2025-12-09,SHIPPED
3117,935,12,2,2025-11-19,DELIVERED
3118,665,24,5,2025-11-06,CANCELLED
3119,845,29,1,2025-12-04,DELIVERED
3120,895,36,5,2025-11-08,DELIVERED
3121,493,23,1,2025-10-26,SHIPPED
3122,767,18,5,2025-11-25,PENDING
3123,938,4,4,2025-11-20,DELIVERED
3124,273,50,4,2025-11-08,SHIPPED
3125,57,44,1,2025-12-02,SHIPPED
3126,620,16,3,2025-12-08,SHIPPED
3127,130,4,1,2025-11-17,CANCELLED
3128,75,2,4,2025-12-09,DELIVERED
3129,899,24,5,2025-12-02,CANCELLED
3130,673,25,4,2025-11-20,DELIVERED
3131,565,8,2,2025-11-25,PENDING
3132,4,47,2,2025-10-31,CANCELLED
3133,14,8,4,2025-12-16,PENDING
3134,387,43,4,2025-12-09,CANCELLED
3135,786,10,4,2025-11-29,CANCELLED
3136,609,6,2,2025-11-29,DELIVERED
3137,703,36,5,2025-12-05,DELIVERED
3138,564,28,2,2025-10-22,DELIVERED
3139,317,35,3,2025-12-18,PENDING
3140,836,1,1,2025-11-06,SHIPPED
3141,475,4,4,2025-11-06,
3142,940,33,2,2025-12-05,SHIPPED
3143,784,50,5,2025-12-05,SHIPPED
3144,737,40,5,2025-11-26,CANCELLED
3145,36,9,3,2025-11-30,DELIVERED
3146,998,5,3,2025-10-30,PENDING
3147,960,15,2,2025-10-28,DELIVERED
3148,294,43,2,2025-12-15,PENDING
3149,209,4,2,2025-11-13,CANCELLED
3150,802,25,5,2025-12-01,DELIVERED
3151,819,24,2,2025-12-20,CANCELLED
3152,459,13,5,2025-12-15,DELIVERED
3153,45,46,4,2025-11-26,SHIPPED
3154,533,33,5,2025-11-08,CANCELLED
3155,627,9,4,2025-11-19,CANCELLED
3156,844,14,5,2025-10-27,SHIPPED
3157,569,9,2,2025-12-02,DELIVERED
3158,452,32,4,2025-10-22,SHIPPED
3159,104,22,2,2025-11-17,SHIPPED
3160,676,48,5,2025-11-18,SHIPPED
3161,865,15,2,2025-12-17,PENDING
3162,737,22,4,2025-11-17,SHIPPED
3163,999999,18,5,2025-12-18,SHIPPED
3164,73,11,2,2025-10-24,SHIPPED
3165,725,33,5,2025-11-22,CANCELLED
3166,778,46,2,2025-12-13,CANCELLED
3167,406,43,3,2025-11-13,PENDING
3168,315,5,1,2025-12-09,CANCELLED
3169,880,30,5,2025-12-15,PENDING
3170,596,4,5,2025-11-23,DELIVERED
3171,543,20,1,2025-11-10,SHIPPED
3172,770,29,2,2025-10-26,PENDING
3173,132,30,3,2025-11-30,SHIPPED
3174,257,3,2,2025-10-27,CANCELLED
3175,730,28,2,2025-11-21,DELIVERED
3176,443,9,5,2025-12-06,PENDING
3177,134,14,2,2025-10-22,CANCELLED
3178,225,45,2,2025-10-31,PENDING
3179,75,24,4,2025-12-08,SHIPPED
3180,101,43,1,2025-11-11,CANCELLED
3181,270,12,1,2025-11-30,DELIVERED
3182,999999,36,5,2025-12-03,DELIVERED
3183,712,24,2,2025-10-22,DELIVERED
3184,261,38,3,2025-12-20,DELIVERED
3185,247,32,1,2025-12-01,CANCELLED
3186,633,30,3,2025-10-26,SHIPPED
3187,550,11,1,2025-12-10,SHIPPED
3188,136,46,5,2025-12-02,CANCELLED
3189,101,2,4,2025-12-18,DELIVERED
3190,390,26,2,2025-10-25,
3191,633,49,3,2025-11-18,PENDING
3192,86,27,5,2025-11-07,PENDING
3193,216,30,1,2025-12-11,DELIVERED
3194,288,15,1,2025-10-26,SHIPPED
3195,253,6,3,2025-10-22,SHIPPED
3196,723,27,5,2025-11-26,CANCELLED
3197,619,11,4,2025-12-16,SHIPPED
3198,789,30,1,2025-11-13,DELIVERED
3199,606,5,3,2025-12-13,DELIVERED
3200,311,11,5,2025-12-18,SHIPPED
3201,284,19,3,2025-11-07,PENDING
3202,436,3,1,2025-11-10,PENDING
3203,478,34,5,2025-11-08,PENDING
3204,502,20,1,2025-12-20,SHIPPED
3205,109,5,3,2025-12-15,PENDING
3206,435,47,5,2025-12-19,SHIPPED
3207,770,11,4,2025-11-13,CANCELLED
3208,326,28,3,2025-11-05,DELIVERED
3209,297,26,2,2025-11-10,SHIPPED
3210,911,36,1,2025-11-12,SHIPPED
3211,800,37,2,2025-11-10,CANCELLED
3212,780,25,5,2025-11-04,DELIVERED
3213,816,38,1,2025-11-17,CANCELLED
3214,847,34,2,2025-11-09,SHIPPED
3215,576,13,3,2025-11-21,CANCELLED
3216,704,47,1,2025-11-21,DELIVERED
3217,859,13,5,2025-11-05,PENDING
3218,895,5,3,2025-12-12,PENDING
3219,502,20,4,2025-11-27,PENDING
3220,710,25,5,2025-12-06,CANCELLED
3221,279,13,3,2025-12-15,PENDING
3222,227,50,1,2025-10-23,CANCELLED
3223,733,33,3,2025-11-13,DELIVERED
3224,170,46,3,2025-11-26,SHIPPED
3225,705,46,3,2025-11-02,PENDING
3226,134,46,4,2025-11-03,CANCELLED
3227,572,5,4,2025-10-30,SHIPPED
3228,787,6,2,2025-11-15,SHIPPED
3229,950,31,3,2025-11-15,PENDING
3230,946,27,5,2025-10-23,PENDING
3231,503,13,1,2025-11-23,PENDING
3232,148,10,3,2025-11-06,DELIVERED
3233,377,29,3,2025-12-15,PENDING
3234,591,9,5,2025-12-04,SHIPPED
3235,547,33,5,2025-12-09,CANCELLED
3236,878,11,4,2025-11-29,DELIVERED
3237,614,5,2,2025-11-07,DELIVERED
3238,769,4,3,2025-11-24,SHIPPED
3239,999999,30,1,2025-11-15,CANCELLED
3240,183,18,1,2025-10-31,PENDING
3241,340,3,3,2025-12-06,DELIVERED
3242,885,7,5,2025-11-16,
3243,569,49,3,2025-12-14,DELIVERED
3244,130,37,1,2025-12-13,PENDING
3245,499,32,2,2025-11-23,CANCELLED
3246,207,6,3,2025-12-05,CANCELLED
3247,492,45,5,2025-11-11,PENDING
3248,550,34,3,2025-12-18,PENDING
3249,367,2,2,2025-11-01,PENDING
3250,90,30,4,2025-11-20,SHIPPED
3251,155,9,2,2025-12-13,PENDING
3252,537,40,5,2025-12-03,SHIPPED
3253,185,25,3,2025-11-27,SHIPPED
3254,522,19,4,2025-11-23,SHIPPED
3255,673,7,1,2025-11-18,SHIPPED
3256,101,32,1,2025-12-03,CANCELLED
3257,863,6,4,2025-12-07,CANCELLED
3258,607,25,3,2025-10-25,SHIPPED
3259,42,28,4,2025-11-26,SHIPPED
3260,706,31,1,2025-10-21,PENDING
3261,324,27,5,2025-12-14,CANCELLED
3262,656,7,1,2025-12-03,SHIPPED
3263,414,32,3,2025-12-08,PENDING
3264,682,12,5,2025-11-05,CANCELLED
3265,552,15,5,2025-12-02,
3266,696,13,2,2025-11-08,SHIPPED
3267,265,41,2,2025-10-28,PENDING
3268,49,16,1,2025-12-09,SHIPPED
3269,418,22,2,2025-11-29,PENDING
3270,75,20,5,2025-12-10,PENDING
3271,295,47,3,2025-12-16,DELIVERED
3272,764,9,5,2025-11-30,DELIVERED
3273,999999,17,1,2025-12-18,CANCELLED
3274,111,20,2,2025-12-17,SHIPPED
3275,52,41,4,2025-12-02,CANCELLED
3276,331,15,2,2025-12-17,PENDING
3277,974,23,3,2025-12-06,CANCELLED
3278,948,10,2,2025-12-16,PENDING
3279,350,45,5,2025-12-09,DELIVERED
3280,772,5,4,2025-11-17,PENDING
3281,567,46,3,2025-12-10,SHIPPED
3282,84,35,2,2025-11-02,DELIVERED
3283,716,13,5,2025-10-27,PENDING
3284,645,45,1,2025-12-07,SHIPPED
3285,906,20,5,2025-12-11,SHIPPED
3286,481,18,1,2025-10-22,DELIVERED
3287,597,35,4,2025-12-20,DELIVERED
3288,363,34,2,2025-11-21,PENDING
3289,76,19,3,2025-10-23,PENDING
3290,999999,31,4,2025-10-25,PENDING
3291,677,23,4,2025-10-24,SHIPPED
3292,995,4,2,2025-11-06,DELIVERED
3293,289,19,3,2025-12-07,DELIVERED
3294,427,40,5,2025-10-23,DELIVERED
3295,47,50,4,2025-11-08,CANCELLED
3296,124,1,4,2025-12-06,DELIVERED
3297,130,4,1,2025-11-18,SHIPPED
3298,757,24,1,2025-11-26,DELIVERED
3299,641,29,3,2025-11-18,SHIPPED
3300,445,6,5,2025-11-13,PENDING
3301,999999,20,5,2025-11-06,SHIPPED
3302,399,17,3,2025-11-12,PENDING
3303,143,43,3,2025-10-23,DELIVERED
3304,150,28,2,2025-11-30,CANCELLED
3305,880,10,1,2025-12-09,SHIPPED
3306,552,13,2,2025-12-03,DELIVERED
3307,604,46,4,2025-11-27,CANCELLED
3308,902,38,3,2025-12-20,DELIVERED
3309,149,30,5,2025-12-04,DELIVERED
3310,160,4,2,2025-11-19,DELIVERED
3311,615,36,2,2025-11-09,SHIPPED
3312,184,38,3,2025-11-10,SHIPPED
3313,974,40,2,2025-12-04,SHIPPED
3314,907,23,2,2025-10-22,DELIVERED
3315,139,40,2,2025-10-29,CANCELLED
3316,48,14,3,2025-11-02,PENDING
3317,98,27,2,2025-11-05,DELIVERED
3318,440,18,1,2025-12-02,DELIVERED
3319,668,10,5,2025-11-07,PENDING
3320,118,28,1,2025-11-28,PENDING
3321,104,17,2,2025-11-16,SHIPPED
3322,489,4,3,2025-12-11,DELIVERED
3323,222,43,3,2025-11-07,SHIPPED
3324,895,8,4,2025-11-28,SHIPPED
3325,251,40,2,2025-12-12,SHIPPED
3326,121,45,2,2025-11-03,CANCELLED
3327,162,44,3,2025-12-13,CANCELLED
3328,4,11,5,2025-11-05,CANCELLED
3329,14,1,2,2025-10-26,PENDING
3330,925,26,2,2025-10-29,SHIPPED
3331,949,5,3,2025-11-28,CANCELLED
3332,880,28,5,2025-12-03,SHIPPED
3333,519,20,2,2025-11-04,CANCELLED
3334,586,32,5,2025-11-10,PENDING
3335,218,27,1,2025-11-05,DELIVERED
3336,74,34,2,2025-11-24,SHIPPED
3337,584,4,3,2025-11-20,CANCELLED
3338,941,13,3,2025-12-12,CANCELLED
3339,802,11,2,2025-11-17,PENDING
3340,595,14,4,2025-12-06,SHIPPED
3341,478,46,3,2025-12-18,DELIVERED
3342,317,11,4,2025-10-26,CANCELLED
3343,628,7,2,2025-10-31,DELIVERED
3344,224,28,4,2025-12-01,SHIPPED
3345,204,43,5,2025-12-05,PENDING
3346,277,46,3,2025-10-25,SHIPPED
3347,674,10,4,2025-12-15,SHIPPED
3348,884,14,1,2025-10-28,CANCELLED
3349,561,12,1,2025-12-16,CANCELLED
3350,136,26,5,2025-11-06,
3351,764,10,1,2025-11-10,PENDING
3352,354,25,1,2025-10-23,
3353,310,21,5,2025-11-21,CANCELLED
3354,159,26,3,2025-12-12,DELIVERED
3355,887,16,3,2025-11-23,SHIPPED
3356,857,40,1,2025-11-22,CANCELLED
3357,569,20,1,2025-11-29,PENDING
3358,655,24,4,2025-12-13,PENDING
3359,46,26,5,2025-11-09,CANCELLED
3360,533,38,4,2025-10-28,SHIPPED
3361,916,22,4,2025-12-02,SHIPPED
3362,376,26,1,2025-11-16,CANCELLED
3363,718,24,4,2025-12-02,SHIPPED
3364,277,2,4,2025-10-23,
3365,983,27,4,2025-12-16,DELIVERED
3366,913,3,2,2025-11-30,DELIVERED
3367,884,39,1,2025-11-27,SHIPPED
3368,440,12,2,2025-12-19,CANCELLED
3369,159,45,3,2025-11-15,SHIPPED
3370,457,24,4,2025-10-25,CANCELLED
3371,671,5,1,2025-11-20,SHIPPED
3372,545,40,5,2025-11-28,SHIPPED
3373,395,37,3,2025-11-23,PENDING
3374,497,13,5,2025-11-12,SHIPPED
3375,232,34,4,2025-12-10,PENDING
3376,432,30,4,2025-12-03,DELIVERED
3377,590,10,2,2025-11-15,SHIPPED
3378,35,40,4,2025-12-19,PENDING
3379,636,2,5,2025-12-08,PENDING
3380,667,15,2,2025-12-05,PENDING
3381,152,20,4,2025-11-23,CANCELLED
3382,818,7,5,2025-12-01,CANCELLED
3383,539,39,2,2025-11-22,SHIPPED
3384,743,26,4,2025-12-14,PENDING
3385,895,11,3,2025-12-06,SHIPPED
3386,313,44,2,2025-12-16,CANCELLED
3387,35,38,2,2025-12-05,CANCELLED
3388,609,6,5,2025-12-05,SHIPPED
3389,673,17,1,2025-11-10,SHIPPED
3390,575,27,3,2025-11-26,DELIVERED
3391,54,2,4,2025-10-25,PENDING
3392,710,5,4,2025-10-25,SHIPPED
3393,515,29,3,2025-12-10,CANCELLED
3394,24,40,2,2025-12-03,CANCELLED
3395,401,15,1,2025-12-08,PENDING
3396,508,42,5,2025-11-28,SHIPPED
3397,597,18,5,2025-11-04,PENDING
3398,994,27,5,2025-11-01,PENDING
3399,758,10,5,2025-11-15,DELIVERED
3400,983,11,3,2025-10-24,DELIVERED
3401,594,6,3,2025-11-08,DELIVERED
3402,983,27,5,2025-11-18,PENDING
3403,714,32,1,2025-11-30,CANCELLED
3404,315,27,4,2025-11-21,DELIVERED
3405,65,10,3,2025-12-07,CANCELLED
3406,371,50,4,2025-12-18,PENDING
3407,716,3,2,2025-10-22,SHIPPED
3408,722,25,4,2025-11-13,PENDING
3409,428,42,1,2025-10-30,SHIPPED
3410,85,18,2,2025-11-02,DELIVERED
3411,986,14,5,2025-12-17,CANCELLED
3412,593,10,5,2025-12-17,CANCELLED
3413,920,49,4,2025-11-18,PENDING
3414,146,48,2,2025-11-07,CANCELLED
3415,372,3,5,2025-11-13,CANCELLED
3416,974,37,5,2025-11-27,PENDING
3417,221,13,3,2025-11-02,SHIPPED
3418,202,43,3,2025-10-23,DELIVERED
3419,164,7,2,2025-12-12,PENDING
3420,373,24,2,2025-11-09,DELIVERED
3421,714,37,2,2025-12-01,CANCELLED
3422,465,16,3,2025-10-21,SHIPPED
3423,746,31,3,2025-12-17,CANCELLED
3424,397,5,1,2025-11-29,PENDING
3425,267,44,5,2025-11-20,SHIPPED
3426,716,13,2,2025-11-07,CANCELLED
3427,451,29,2,2025-11-25,CANCELLED
3428,504,14,3,2025-12-15,DELIVERED
3429,806,48,4,2025-12-03,CANCELLED
3430,161,24,2,2025-12-15,SHIPPED
3431,185,29,1,2025-11-22,DELIVERED
3432,72,33,1,2025-11-27,CANCELLED
3433,342,42,1,2025-11-12,PENDING
3434,918,20,1,2025-11-13,CANCELLED
3435,463,50,2,2025-11-04,SHIPPED
3436,166,21,3,2025-12-09,DELIVERED
3437,504,28,1,2025-10-22,PENDING
3438,530,45,3,2025-12-18,CANCELLED
3439,371,37,1,2025-12-05,DELIVERED
3440,114,41,1,2025-11-25,PENDING
3441,202,45,1,2025-11-09,SHIPPED
3442,460,6,2,2025-12-03,PENDING
3443,125,37,5,2025-10-24,DELIVERED
3444,722,38,2,2025-12-04,SHIPPED
3445,291,9,5,2025-11-06,CANCELLED
3446,360,43,3,2025-11-01,SHIPPED
3447,803,10,3,2025-11-09,SHIPPED
3448,854,7,4,2025-11-17,DELIVERED
3449,244,21,5,2025-11-21,PENDING
3450,363,29,4,2025-10-26,SHIPPED
3451,955,31,3,2025-11-02,CANCELLED
3452,714,23,5,2025-11-10,CANCELLED
3453,390,28,3,2025-11-06,DELIVERED
3454,896,10,3,2025-10-23,SHIPPED
3455,313,26,5,2025-10-28,DELIVERED
3456,94,17,3,2025-11-16,CANCELLED
3457,418,33,3,2025-12-16,CANCELLED
3458,629,18,4,2025-11-08,DELIVERED
3459,320,14,2,2025-11-17,SHIPPED
3460,361,27,3,2025-10-21,SHIPPED
3461,410,45,4,2025-10-25,PENDING
3462,456,22,3,2025-12-03,SHIPPED
3463,497,23,4,2025-12-02,PENDING
3464,137,3,2,2025-12-15,SHIPPED
3465,226,32,2,2025-10-27,PENDING
3466,556,33,1,2025-11-12,CANCELLED
3467,34,25,1,2025-10-24,CANCELLED
3468,538,38,5,2025-11-12,CANCELLED
3469,142,28,1,2025-11-29,DELIVERED
3470,835,13,4,2025-12-17,DELIVERED
3471,903,10,3,2025-11-16,PENDING
3472,88,25,4,2025-11-14,PENDING
3473,373,20,1,2025-11-15,DELIVERED
3474,272,34,1,2025-11-07,SHIPPED
3475,940,7,1,2025-11-24,PENDING
3476,770,23,5,2025-11-19,DELIVERED
3477,893,28,4,2025-11-03,SHIPPED
3478,349,17,2,2025-12-09,PENDING
3479,269,48,5,2025-11-17,DELIVERED
3480,200,38,1,2025-11-07,SHIPPED
3481,364,35,5,2025-11-23,SHIPPED
3482,87,40,5,2025-12-13,PENDING
3483,130,31,3,2025-11-14,PENDING
3484,297,11,4,2025-12-11,SHIPPED
3485,801,20,3,2025-11-11,PENDING
3486,265,5,5,2025-10-21,PENDING
3487,935,31,1,2025-11-07,SHIPPED
3488,77,50,5,2025-10-30,SHIPPED
3489,424,5,5,2025-11-08,PENDING
3490,844,39,1,2025-11-16,PENDING
3491,963,32,5,2025-12-09,CANCELLED
3492,720,31,4,2025-12-14,CANCELLED
3493,643,11,1,2025-12-13,DELIVERED
3494,470,15,5,2025-11-30,CANCELLED
3495,110,43,3,2025-10-30,DELIVERED
3496,365,43,4,2025-10-26,CANCELLED
3497,134,32,5,2025-10-27,PENDING
3498,163,7,2,2025-11-05,SHIPPED
3499,368,35,2,2025-11-30,CANCELLED
3500,735,14,1,2025-12-07,DELIVERED
3501,510,33,3,2025-10-27,DELIVERED
3502,506,6,4,2025-11-16,DELIVERED
3503,868,22,4,2025-11-05,SHIPPED
3504,514,29,2,2025-11-20,SHIPPED
3505,742,3,3,2025-11-27,DELIVERED
3506,610,17,1,2025-12-16,CANCELLED
3507,581,48,1,2025-11-24,DELIVERED
3508,745,12,2,2025-12-15,PENDING
3509,94,43,1,2025-11-23,SHIPPED
3510,224,24,2,2025-12-02,PENDING
3511,60,24,2,2025-12-10,DELIVERED
3512,459,7,2,2025-12-11,SHIPPED
3513,131,30,4,2025-11-29,PENDING
3514,214,13,4,2025-12-02,DELIVERED
3515,557,39,5,2025-11-19,DELIVERED
3516,560,13,1,2025-12-01,CANCELLED
3517,18,38,3,2025-12-10,SHIPPED
3518,467,45,1,2025-12-10,CANCELLED
3519,828,12,3,2025-11-25,SHIPPED
3520,871,20,5,2025-12-15,DELIVERED
3521,386,24,1,2025-12-12,SHIPPED
3522,895,21,5,2025-11-08,CANCELLED
3523,804,12,5,2025-11-17,DELIVERED
3524,669,29,5,2025-12-17,PENDING
3525,650,16,2,2025-10-21,PENDING
3526,867,47,5,2025-12-09,DELIVERED
3527,659,43,1,2025-12-12,DELIVERED
3528,419,40,2,2025-11-15,PENDING
3529,672,50,2,2025-11-13,CANCELLED
3530,572,14,3,2025-11-17,SHIPPED
3531,197,36,3,2025-12-14,PENDING
3532,916,15,2,2025-10-30,SHIPPED
3533,169,6,3,2025-11-02,DELIVERED
3534,741,44,5,2025-11-30,
3535,529,46,3,2025-11-05,CANCELLED
3536,165,29,4,2025-11-12,SHIPPED
3537,917,23,4,2025-11-27,SHIPPED
3538,314,41,2,2025-12-20,DELIVERED
3539,755,13,5,2025-12-13,CANCELLED
3540,689,26,3,2025-12-14,SHIPPED
3541,894,14,3,2025-12-20,CANCELLED
3542,480,40,3,2025-12-18,DELIVERED
3543,760,5,1,2025-11-26,CANCELLED
3544,786,34,5,2025-12-05,CANCELLED
3545,593,1,3,2025-12-13,SHIPPED
3546,732,10,1,2025-10-22,SHIPPED
3547,388,6,3,2025-12-07,CANCELLED
3548,999999,5,2,2025-11-26,SHIPPED
3549,10,22,2,2025-10-31,PENDING
3550,187,21,5,2025-10-22,SHIPPED
3551,260,37,4,2025-11-03,SHIPPED
3552,286,6,5,2025-10-30,SHIPPED
3553,922,47,3,2025-11-02,DELIVERED
3554,926,22,4,2025-11-21,CANCELLED
3555,404,49,2,2025-12-07,SHIPPED
3556,87,31,3,2025-11-02,SHIPPED
3557,276,29,5,2025-12-10,PENDING
3558,906,12,2,2025-11-10,SHIPPED
3559,732,31,2,2025-12-11,PENDING
3560,304,33,4,2025-12-09,CANCELLED
3561,139,24,4,2025-12-13,PENDING
3562,37,37,5,2025-12-09,SHIPPED
3563,994,5,3,2025-10-24,CANCELLED
3564,665,8,1,2025-11-03,PENDING
3565,242,16,2,2025-11-26,PENDING
3566,227,24,4,2025-12-08,PENDING
3567,677,2,5,2025-10-29,SHIPPED
3568,652,13,5,2025-11-01,PENDING
3569,712,47,4,2025-11-21,PENDING
3570,174,41,4,2025-12-16,SHIPPED
3571,971,18,4,2025-12-03,PENDING
3572,11,45,5,2025-11-23,DELIVERED
3573,652,22,2,2025-11-29,DELIVERED
3574,870,45,4,2025-11-12,DELIVERED
3575,201,5,2,2025-12-18,SHIPPED
3576,696,40,5,2025-10-25,SHIPPED
3577,180,33,2,2025-12-05,SHIPPED
3578,396,48,3,2025-11-04,CANCELLED
3579,858,13,4,2025-12-20,DELIVERED
3580,419,41,2,2025-11-02,DELIVERED
3581,247,19,1,2025-11-18,PENDING
3582,83,29,4,2025-11-19,SHIPPED
3583,15,36,5,2025-11-04,PENDING
3584,65,39,1,2025-12-04,CANCELLED
3585,757,9,2,2025-12-08,PENDING
3586,899,30,2,2025-11-03,PENDING
3587,323,43,4,2025-12-09,PENDING
3588,609,35,3,2025-11-05,SHIPPED
3589,625,16,5,2025-12-09,PENDING
3590,427,30,2,2025-11-29,SHIPPED
3591,813,19,1,2025-12-20,CANCELLED
3592,649,45,4,2025-11-14,SHIPPED
3593,562,8,4,2025-12-04,CANCELLED
3594,3,40,2,2025-11-11,CANCELLED
3595,822,9,3,2025-11-16,CANCELLED
3596,472,34,2,2025-12-14,CANCELLED
3597,183,44,3,2025-12-02,PENDING
3598,990,4,4,2025-11-02,PENDING
3599,908,42,5,2025-11-29,PENDING
3600,514,3,5,2025-11-06,CANCELLED
3601,664,36,1,2025-12-04,DELIVERED
3602,466,32,4,2025-12-16,SHIPPED
3603,7,35,1,2025-11-26,DELIVERED
3604,939,38,2,2025-12-17,CANCELLED
3605,174,22,2,2025-12-01,CANCELLED
3606,512,32,2,2025-11-22,DELIVERED
3607,29,5,5,2025-10-23,CANCELLED
3608,148,3,1,2025-11-03,CANCELLED
3609,493,48,1,2025-11-04,DELIVERED
3610,357,1,5,2025-11-29,SHIPPED
3611,746,26,5,2025-11-17,SHIPPED
3612,674,11,5,2025-12-14,PENDING
3613,244,20,1,2025-11-10,CANCELLED
3614,299,17,5,2025-11-21,DELIVERED
3615,663,41,5,2025-11-20,
3616,362,12,1,2025-12-15,CANCELLED
3617,635,37,5,2025-11-19,SHIPPED
3618,458,2,1,2025-10-26,PENDING
3619,357,31,1,2025-12-05,DELIVERED
3620,888,38,5,2025-11-13,SHIPPED
3621,570,29,2,2025-12-01,PENDING
3622,481,3,2,2025-12-08,PENDING
3623,490,43,4,2025-11-14,DELIVERED
3624,232,39,5,2025-11-29,PENDING
3625,647,5,1,2025-11-05,CANCELLED
3626,868,2,4,2025-10-21,SHIPPED
3627,215,42,1,2025-12-11,SHIPPED
3628,467,5,3,2025-12-09,CANCELLED
3629,787,26,1,2025-12-10,PENDING
3630,720,3,2,2025-11-02,CANCELLED
3631,474,18,5,2025-11-23,CANCELLED
3632,339,14,4,2025-10-29,PENDING
3633,111,50,2,2025-11-12,CANCELLED
3634,102,1,5,2025-11-15,DELIVERED
3635,903,18,3,2025-11-29,DELIVERED
3636,940,21,5,2025-11-01,CANCELLED
3637,664,47,2,2025-11-30,CANCELLED
3638,949,31,3,2025-10-28,PENDING
3639,162,9,1,2025-11-06,SHIPPED
3640,209,11,1,2025-11-29,PENDING
3641,999999,20,5,2025-12-07,DELIVERED
3642,315,18,3,2025-10-25,CANCELLED
3643,569,47,3,2025-12-20,SHIPPED
3644,775,39,3,2025-11-30,CANCELLED
3645,898,11,2,2025-11-30,CANCELLED
3646,426,14,5,2025-11-20,PENDING
3647,924,36,5,2025-12-20,PENDING
3648,374,39,5,2025-11-08,DELIVERED
3649,616,41,3,2025-11-17,PENDING
3650,231,27,1,2025-11-25,DELIVERED
3651,706,29,5,2025-10-29,PENDING
3652,356,40,4,2025-11-12,DELIVERED
3653,580,25,3,2025-10-29,PENDING
3654,684,30,4,2025-11-21,SHIPPED
3655,344,30,3,2025-10-25,SHIPPED
3656,903,21,5,2025-11-09,DELIVERED
3657,172,2,2,2025-11-29,PENDING
3658,441,18,3,2025-11-21,SHIPPED
3659,921,41,2,2025-11-08,PENDING
3660,287,41,3,2025-11-01,DELIVERED
3661,244,28,5,2025-12-03,DELIVERED
3662,754,30,4,2025-10-24,SHIPPED
3663,328,17,4,2025-11-19,DELIVERED
3664,985,14,5,2025-12-02,DELIVERED
3665,991,49,1,2025-12-07,SHIPPED
3666,143,7,4,2025-11-11,DELIVERED
3667,111,23,2,2025-10-24,PENDING
3668,543,36,2,2025-12-05,CANCELLED
3669,827,3,2,2025-10-25,CANCELLED
3670,867,4,4,2025-11-05,SHIPPED
3671,125,49,3,2025-12-07,SHIPPED
3672,980,31,2,2025-11-04,CANCELLED
3673,570,43,2,2025-11-25,CANCELLED
3674,315,37,2,2025-11-12,DELIVERED
3675,538,41,5,2025-11-18,PENDING
3676,212,33,4,2025-11-16,DELIVERED
3677,693,43,2,2025-11-23,SHIPPED
3678,802,19,2,2025-12-12,DELIVERED
3679,191,45,1,2025-11-21,CANCELLED
3680,151,24,2,2025-12-18,CANCELLED
3681,772,16,5,2025-11-23,PENDING
3682,34,40,4,2025-11-18,PENDING
3683,682,41,1,2025-12-11,DELIVERED
3684,102,35,2,2025-11-12,DELIVERED
3685,950,3,3,2025-11-02,CANCELLED
3686,422,17,1,2025-12-10,DELIVERED
3687,12,13,5,2025-11-23,CANCELLED
3688,944,31,4,2025-11-18,CANCELLED
3689,575,50,4,2025-12-08,PENDING
3690,651,22,3,2025-12-08,CANCELLED
3691,699,46,3,2025-12-14,PENDING
3692,902,47,3,2025-11-06,PENDING
3693,926,35,1,2025-11-22,CANCELLED
3694,848,36,3,2025-10-27,PENDING
3695,18,21,1,2025-10-21,CANCELLED
3696,482,37,4,2025-12-20,PENDING
3697,720,21,2,2025-12-15,PENDING
3698,938,6,1,2025-11-05,CANCELLED
3699,338,49,1,2025-10-23,PENDING
3700,553,34,3,2025-11-07,DELIVERED
3701,914,27,5,2025-11-30,DELIVERED
3702,467,14,2,2025-11-17,PENDING
3703,556,9,1,2025-12-01,PENDING
3704,84,2,2,2025-12-08,SHIPPED
3705,332,19,5,2025-11-02,PENDING
3706,957,21,3,2025-10-22,PENDING
3707,224,20,4,2025-10-21,PENDING
3708,93,42,2,2025-12-08,PENDING
3709,772,42,4,2025-12-13,PENDING
3710,429,36,2,2025-12-16,PENDING
3711,740,22,5,2025-11-17,CANCELLED
3712,671,39,4,2025-11-28,CANCELLED
3713,124,49,3,2025-11-03,PENDING
3714,16,36,1,2025-11-29,CANCELLED
3715,900,1,2,2025-11-14,DELIVERED
3716,796,13,4,2025-11-17,CANCELLED
3717,14,24,2,2025-12-04,CANCELLED
3718,304,9,5,2025-11-23,DELIVERED
3719,537,8,5,2025-12-17,DELIVERED
3720,297,33,1,2025-12-17,PENDING
3721,96,32,3,2025-11-20,SHIPPED
3722,707,36,3,2025-12-05,CANCELLED
3723,371,20,2,2025-12-01,DELIVERED
3724,994,9,1,2025-11-28,DELIVERED
3725,351,19,1,2025-12-07,DELIVERED
3726,913,6,3,2025-11-01,CANCELLED
3727,524,47,4,2025-12-05,PENDING
3728,247,25,5,2025-11-20,SHIPPED
3729,789,22,2,2025-11-04,CANCELLED
3730,674,48,1,2025-10-31,CANCELLED
3731,624,26,5,2025-12-15,CANCELLED
3732,725,6,4,2025-12-12,SHIPPED
3733,753,12,1,2025-11-18,PENDING
3734,584,11,3,2025-11-01,SHIPPED
3735,122,45,1,2025-12-06,SHIPPED
3736,988,39,4,2025-10-31,SHIPPED
3737,491,7,1,2025-10-21,CANCELLED
3738,82,4,5,2025-12-05,SHIPPED
3739,287,31,1,2025-11-15,PENDING
3740,777,3,2,2025-11-10,DELIVERED
3741,468,36,3,2025-11-16,DELIVERED
3742,756,48,1,2025-11-25,DELIVERED
3743,764,37,3,2025-11-26,SHIPPED
3744,418,22,4,2025-11-30,PENDING
3745,307,28,1,2025-11-27,SHIPPED
3746,67,30,3,2025-12-03,CANCELLED
3747,406,12,2,2025-12-04,SHIPPED
3748,114,12,4,2025-11-21,PENDING
3749,393,25,1,2025-11-07,CANCELLED
3750,545,50,3,2025-11-20,DELIVERED
3751,401,41,5,2025-12-14,DELIVERED
3752,714,17,5,2025-11-03,SHIPPED
3753,71,27,4,2025-11-03,CANCELLED
3754,422,9,1,2025-11-15,SHIPPED
3755,947,2,4,2025-12-07,PENDING
3756,131,14,5,2025-11-21,CANCELLED
3757,218,37,5,2025-11-16,SHIPPED
3758,342,26,2,2025-11-19,SHIPPED
3759,187,36,5,2025-12-09,PENDING
3760,296,36,4,2025-12-03,PENDING
3761,193,2,5,2025-11-25,PENDING
3762,735,1,4,2025-11-20,PENDING
3763,532,1,3,2025-12-20,SHIPPED
3764,989,28,4,2025-12-12,CANCELLED
3765,999999,11,5,2025-11-05,SHIPPED
3766,168,3,5,2025-11-25,CANCELLED
3767,858,50,4,2025-12-09,PENDING
3768,418,14,2,2025-12-14,CANCELLED
3769,153,1,1,2025-11-26,CANCELLED
3770,446,7,4,2025-12-17,CANCELLED
3771,317,35,2,2025-10-26,PENDING
3772,726,9,3,2025-11-26,DELIVERED
3773,227,35,5,2025-11-22,DELIVERED
3774,55,46,1,2025-10-25,DELIVERED
3775,493,47,1,2025-11-03,CANCELLED
3776,549,41,5,2025-11-05,PENDING
3777,331,16,3,2025-12-01,SHIPPED
3778,65,28,3,2025-11-26,SHIPPED
3779,141,13,3,2025-10-31,SHIPPED
3780,913,16,3,2025-12-08,CANCELLED
3781,546,32,2,2025-11-24,DELIVERED
3782,588,11,3,2025-11-12,SHIPPED
3783,610,35,4,2025-11-14,PENDING
3784,452,37,3,2025-11-26,CANCELLED
3785,709,6,3,2025-11-12,PENDING
3786,654,27,5,2025-11-02,CANCELLED
3787,599,6,1,2025-12-18,PENDING
3788,619,4,1,2025-11-29,DELIVERED
3789,996,11,5,2025-11-08,DELIVERED
3790,506,16,5,2025-11-29,SHIPPED
3791,222,39,4,2025-11-15,PENDING
3792,231,26,4,2025-11-26,PENDING
3793,511,46,1,2025-12-06,CANCELLED
3794,905,17,1,2025-11-03,DELIVERED
3795,93,24,2,2025-10-22,PENDING
3796,905,27,4,2025-12-08,PENDING
3797,672,13,2,2025-12-16,SHIPPED
3798,86,23,5,2025-12-10,CANCELLED
3799,367,7,4,2025-11-13,SHIPPED
3800,901,4,3,2025-11-27,DELIVERED
3801,30,30,5,2025-12-16,DELIVERED
3802,524,39,2,2025-11-16,DELIVERED
3803,263,6,5,2025-12-12,SHIPPED
3804,230,3,1,2025-11-23,PENDING
3805,801,28,4,2025-11-16,DELIVERED
3806,735,32,3,2025-12-20,CANCELLED
3807,353,33,3,2025-12-09,PENDING
3808,248,26,4,2025-12-06,PENDING
3809,671,24,2,2025-11-19,SHIPPED
3810,549,25,5,2025-12-02,PENDING
3811,775,34,2,2025-12-07,DELIVERED
3812,710,49,3,2025-11-19,PENDING
3813,799,42,4,2025-11-07,PENDING
3814,451,23,1,2025-10-25,DELIVERED
3815,284,35,2,2025-12-13,DELIVERED
3816,40,40,3,2025-12-09,DELIVERED
3817,322,29,4,2025-11-07,
3818,272,36,5,2025-10-23,SHIPPED
3819,852,22,3,2025-12-11,PENDING
3820,503,7,3,2025-11-15,PENDING
3821,99,1,5,2025-11-25,SHIPPED
3822,559,45,1,2025-12-08,PENDING
3823,942,5,2,2025-10-22,PENDING
3824,975,39,2,2025-10-27,SHIPPED
3825,867,25,2,2025-10-25,DELIVERED
3826,899,22,2,2025-11-19,CANCELLED
3827,692,9,2,2025-11-16,PENDING
3828,583,49,5,2025-11-08,CANCELLED
3829,203,43,5,2025-11-21,SHIPPED
3830,999999,6,4,2025-11-02,SHIPPED
3831,14,3,3,2025-12-14,PENDING
3832,493,8,3,2025-12-06,SHIPPED
3833,88,46,3,2025-10-28,DELIVERED
3834,923,11,5,2025-11-26,PENDING
3835,92,38,2,2025-10-24,CANCELLED
3836,402,4,2,2025-10-26,DELIVERED
3837,268,42,1,2025-10-24,SHIPPED
3838,396,2,5,2025-11-05,PENDING
3839,443,20,4,2025-11-05,SHIPPED
3840,745,20,3,2025-10-29,DELIVERED
3841,376,6,4,2025-12-06,CANCELLED
3842,327,50,1,2025-11-30,SHIPPED
3843,718,23,5,2025-11-13,DELIVERED
3844,114,20,3,2025-11-27,CANCELLED
3845,15,27,4,2025-11-22,PENDING
3846,400,28,3,2025-10-29,CANCELLED
3847,930,22,4,2025-12-09,PENDING
3848,80,49,5,2025-12-13,DELIVERED
3849,517,36,4,2025-12-10,SHIPPED
3850,440,46,4,2025-12-20,SHIPPED
3851,364,49,2,2025-12-18,DELIVERED
3852,752,26,4,2025-10-22,SHIPPED
3853,893,39,2,2025-11-30,CANCELLED
3854,236,2,4,2025-11-12,
3855,446,40,5,2025-12-11,CANCELLED
3856,208,16,5,2025-11-18,DELIVERED
3857,273,25,3,2025-11-10,PENDING
3858,673,2,4,2025-11-17,PENDING
3859,497,23,1,2025-12-19,PENDING
3860,805,33,3,2025-11-28,SHIPPED
3861,761,41,3,2025-12-19,DELIVERED
3862,137,11,3,2025-10-30,DELIVERED
3863,20,42,2,2025-12-10,DELIVERED
3864,104,23,4,2025-12-14,DELIVERED
3865,174,14,3,2025-11-10,SHIPPED
3866,258,3,5,2025-10-26,SHIPPED
3867,380,21,5,2025-11-25,SHIPPED
3868,631,9,5,2025-11-17,SHIPPED
3869,764,1,5,2025-11-09,CANCELLED
3870,386,17,1,2025-11-05,SHIPPED
3871,604,6,5,2025-11-08,DELIVERED
3872,606,1,5,2025-10-26,DELIVERED
3873,852,6,3,2025-12-02,DELIVERED
3874,333,24,1,2025-12-20,CANCELLED
3875,336,28,2,2025-11-09,SHIPPED
3876,25,18,1,2025-11-07,CANCELLED
3877,235,5,3,2025-11-28,CANCELLED
3878,294,16,1,2025-10-31,PENDING
3879,189,41,2,2025-11-19,DELIVERED
3880,77,18,4,2025-11-13,SHIPPED
3881,293,21,2,2025-11-26,
3882,771,21,1,2025-11-17,PENDING
3883,436,36,5,2025-10-25,DELIVERED
3884,311,26,5,2025-12-03,PENDING
3885,986,32,3,2025-11-14,DELIVERED
3886,216,21,4,2025-11-16,CANCELLED
3887,950,27,4,2025-11-18,DELIVERED
3888,592,15,1,2025-10-27,SHIPPED
3889,525,39,2,2025-12-04,DELIVERED
3890,327,23,5,2025-11-09,PENDING
3891,173,8,3,2025-11-14,DELIVERED
3892,494,40,1,2025-12-12,CANCELLED
3893,983,42,1,2025-12-19,CANCELLED
3894,88,22,5,2025-12-12,PENDING
3895,206,39,5,2025-12-05,DELIVERED
3896,179,13,2,2025-10-21,DELIVERED
3897,142,41,5,2025-11-21,PENDING
3898,700,46,1,2025-11-10,DELIVERED
3899,236,24,4,2025-12-05,CANCELLED
3900,225,27,4,2025-11-24,PENDING
3901,68,48,5,2025-12-18,CANCELLED
3902,178,2,5,2025-12-03,SHIPPED
3903,303,31,5,2025-10-24,
3904,999999,7,4,2025-10-26,SHIPPED
3905,246,27,1,2025-11-16,CANCELLED
3906,700,36,3,2025-11-19,DELIVERED
3907,471,25,3,2025-11-30,PENDING
3908,552,48,1,2025-11-18,CANCELLED
3909,270,28,1,2025-10-27,SHIPPED
3910,360,23,1,2025-12-14,SHIPPED
3911,539,35,3,2025-12-02,DELIVERED
3912,552,26,4,2025-10-30,DELIVERED
3913,779,14,5,2025-11-07,DELIVERED
3914,729,14,1,2025-11-28,SHIPPED
3915,229,29,4,2025-11-10,SHIPPED
3916,762,18,1,2025-12-13,SHIPPED
3917,282,3,4,2025-11-22,SHIPPED
3918,478,23,3,2025-12-15,SHIPPED
3919,70,35,1,2025-12-04,SHIPPED
3920,212,34,3,2025-10-21,SHIPPED
3921,498,34,5,2025-11-11,SHIPPED
3922,398,32,3,2025-11-27,CANCELLED
3923,657,23,5,2025-12-02,SHIPPED
3924,587,47,3,2025-12-09,SHIPPED
3925,320,45,1,2025-12-11,CANCELLED
3926,960,4,5,2025-11-29,PENDING
3927,544,26,5,2025-12-06,CANCELLED
3928,536,39,5,2025-11-10,DELIVERED
3929,942,13,5,2025-12-02,SHIPPED
3930,747,6,2,2025-11-10,CANCELLED
3931,67,30,1,2025-12-17,DELIVERED
3932,766,5,1,2025-12-18,CANCELLED
3933,838,38,5,2025-11-19,SHIPPED
3934,832,30,2,2025-12-09,PENDING
3935,785,18,2,2025-12-13,PENDING
3936,603,5,5,2025-12-05,SHIPPED
3937,466,43,4,2025-11-07,SHIPPED
3938,959,32,1,2025-10-25,DELIVERED
3939,930,5,3,2025-11-21,SHIPPED
3940,717,2,2,2025-11-15,DELIVERED
3941,217,30,2,2025-10-28,PENDING
3942,427,17,5,2025-10-29,CANCELLED
3943,597,21,1,2025-11-11,SHIPPED
3944,26,22,4,2025-11-19,PENDING
3945,32,32,1,2025-11-28,DELIVERED
3946,879,33,1,2025-12-14,PENDING
3947,727,9,4,2025-11-03,CANCELLED
3948,251,32,2,2025-11-23,SHIPPED
3949,691,10,1,2025-10-29,SHIPPED
3950,765,30,1,2025-11-11,PENDING
3951,572,49,2,2025-12-17,SHIPPED
3952,838,26,4,2025-11-13,DELIVERED
3953,342,15,2,2025-10-25,DELIVERED
3954,730,26,1,2025-12-12,PENDING
3955,193,2,4,2025-11-04,SHIPPED
3956,18,31,3,2025-12-16,CANCELLED
3957,999999,28,5,2025-10-24,SHIPPED
3958,851,25,5,2025-11-16,SHIPPED
3959,7,23,3,2025-11-05,CANCELLED
3960,857,33,1,2025-12-04,CANCELLED
3961,712,24,5,2025-11-15,DELIVERED
3962,234,47,3,2025-12-09,DELIVERED
3963,86,6,4,2025-12-14,CANCELLED
3964,728,26,3,2025-12-19,SHIPPED
3965,312,22,3,2025-11-28,CANCELLED
3966,882,34,2,2025-11-12,CANCELLED
3967,461,8,2,2025-11-19,PENDING
3968,451,42,5,2025-10-31,CANCELLED
3969,531,18,1,2025-10-25,SHIPPED
3970,987,8,2,2025-11-07,CANCELLED
3971,868,23,1,2025-12-08,PENDING
3972,601,26,1,2025-11-28,DELIVERED
3973,612,18,5,2025-11-17,DELIVERED
3974,411,41,1,2025-11-25,PENDING
3975,816,3,1,2025-10-28,DELIVERED
3976,17,36,2,2025-11-29,DELIVERED
3977,582,6,2,2025-10-29,CANCELLED
3978,362,29,1,2025-10-29,PENDING
3979,208,15,5,2025-10-21,PENDING
3980,705,25,3,2025-12-16,PENDING
3981,278,16,4,2025-11-23,DELIVERED
3982,589,44,4,2025-12-05,CANCELLED
3983,34,27,5,2025-12-01,PENDING
3984,872,46,3,2025-10-30,CANCELLED
3985,419,15,5,2025-10-30,PENDING
3986,227,29,3,2025-12-08,SHIPPED
3987,864,3,1,2025-12-02,DELIVERED
3988,594,29,5,2025-11-08,PENDING
3989,514,1,3,2025-11-04,PENDING
3990,146,29,3,2025-10-27,SHIPPED
3991,731,20,2,2025-11-25,DELIVERED
3992,412,39,1,2025-12-02,SHIPPED
3993,952,43,4,2025-11-28,CANCELLED
3994,16,42,3,2025-11-14,DELIVERED
3995,452,16,5,2025-12-13,SHIPPED
3996,531,4,2,2025-10-23,DELIVERED
3997,139,17,1,2025-11-06,PENDING
3998,698,33,3,2025-12-09,CANCELLED
3999,312,12,2,2025-11-18,CANCELLED
4000,701,30,3,2025-12-08,CANCELLED
4001,7,46,5,2025-11-27,PENDING
4002,999999,49,4,2025-11-17,DELIVERED
4003,290,4,4,2025-12-09,CANCELLED
4004,105,17,2,2025-12-10,SHIPPED
4005,888,30,5,2025-11-27,CANCELLED
4006,987,26,3,2025-12-16,CANCELLED
4007,199,41,3,2025-12-14,DELIVERED
4008,780,21,1,2025-12-11,PENDING
4009,832,2,5,2025-12-01,SHIPPED
4010,354,11,5,2025-10-22,DELIVERED
4011,83,43,3,2025-11-26,CANCELLED
4012,228,7,5,2025-11-16,CANCELLED
4013,850,22,5,2025-12-11,DELIVERED
4014,726,14,1,2025-12-01,CANCELLED
4015,889,16,5,2025-12-14,SHIPPED
4016,587,7,4,2025-10-21,PENDING
4017,896,12,5,2025-11-02,PENDING
4018,300,10,5,2025-10-24,PENDING
4019,335,42,1,2025-12-01,SHIPPED
4020,831,3,5,2025-12-13,DELIVERED
4021,811,1,4,2025-12-05,PENDING
4022,618,27,2,2025-12-07,PENDING
4023,454,16,2,2025-12-11,CANCELLED
4024,880,16,3,2025-12-08,PENDING
4025,300,2,3,2025-11-22,CANCELLED
4026,877,44,1,2025-12-04,PENDING
4027,218,49,2,2025-11-13,DELIVERED
4028,565,1,2,2025-11-06,SHIPPED
4029,807,22,5,2025-11-14,PENDING
4030,235,48,3,2025-12-16,SHIPPED
4031,955,35,1,2025-12-06,DELIVERED
4032,89,18,5,2025-12-07,SHIPPED
4033,827,7,3,2025-11-03,CANCELLED
4034,352,37,2,2025-11-12,PENDING
4035,810,1,1,2025-11-01,SHIPPED
4036,519,6,1,2025-11-20,DELIVERED
4037,498,11,3,2025-11-21,DELIVERED
4038,729,19,3,2025-11-30,DELIVERED
4039,468,8,5,2025-12-03,PENDING
4040,940,4,2,2025-12-05,SHIPPED
4041,473,38,1,2025-11-10,CANCELLED
4042,137,40,3,2025-11-17,SHIPPED
4043,348,11,4,2025-11-08,CANCELLED
4044,952,18,4,2025-12-10,CANCELLED
4045,701,26,4,2025-11-29,PENDING
4046,573,33,3,2025-11-12,PENDING
4047,929,43,5,2025-11-26,CANCELLED
4048,114,48,4,2025-11-30,SHIPPED
4049,184,3,3,2025-11-25,CANCELLED
4050,440,43,1,2025-11-21,DELIVERED
4051,534,25,3,2025-11-18,PENDING
4052,887,32,5,2025-12-02,SHIPPED
4053,998,13,1,2025-11-02,SHIPPED
4054,468,28,1,2025-10-22,CANCELLED
4055,413,17,5,2025-11-19,SHIPPED
4056,207,3,1,2025-11-04,SHIPPED
4057,360,22,3,2025-11-21,CANCELLED
4058,23,39,1,2025-11-17,CANCELLED
4059,266,29,5,2025-11-24,SHIPPED
4060,160,26,1,2025-11-27,PENDING
4061,493,33,2,2025-11-29,PENDING
4062,951,37,3,2025-11-18,SHIPPED
4063,130,44,5,2025-10-23,SHIPPED
4064,571,32,2,2025-11-16,PENDING
4065,462,4,1,2025-12-13,SHIPPED
4066,851,38,2,2025-11-01,DELIVERED
4067,686,10,1,2025-12-06,CANCELLED
4068,819,48,1,2025-10-28,DELIVERED
4069,872,45,3,2025-11-20,SHIPPED
4070,403,44,2,2025-12-07,CANCELLED
4071,780,34,4,2025-11-27,DELIVERED
4072,401,8,2,2025-11-27,SHIPPED
4073,3,33,2,2025-12-20,DELIVERED
4074,662,41,3,2025-11-08,PENDING
4075,41,13,3,2025-10-24,SHIPPED
4076,7,11,5,2025-10-22,PENDING
4077,54,17,1,2025-11-13,DELIVERED
4078,83,15,5,2025-11-21,PENDING
4079,253,16,4,2025-10-28,SHIPPED
4080,696,35,1,2025-12-08,SHIPPED
4081,203,13,1,2025-10-30,CANCELLED
4082,975,26,2,2025-11-30,DELIVERED
4083,898,41,3,2025-11-19,SHIPPED
4084,981,11,1,2025-12-19,SHIPPED
4085,397,43,1,2025-11-28,DELIVERED
4086,280,6,1,2025-11-17,PENDING
4087,489,11,5,2025-11-24,CANCELLED
4088,832,13,2,2025-12-14,SHIPPED
4089,242,3,5,2025-12-09,DELIVERED
4090,31,37,3,2025-11-16,SHIPPED
4091,999999,26,5,2025-10-21,
4092,860,37,4,2025-11-26,SHIPPED
4093,879,13,1,2025-11-06,CANCELLED
4094,485,25,4,2025-12-02,PENDING
4095,531,3,2,2025-12-11,DELIVERED
4096,539,25,2,2025-12-20,CANCELLED
4097,254,38,1,2025-11-11,PENDING
4098,208,29,5,2025-11-08,DELIVERED
4099,60,48,2,2025-11-17,DELIVERED
4100,188,45,5,2025-11-06,SHIPPED
4101,958,9,5,2025-12-07,DELIVERED
4102,590,43,1,2025-12-13,PENDING
4103,435,37,4,2025-12-14,DELIVERED
4104,61,21,5,2025-11-05,CANCELLED
4105,881,12,4,2025-11-26,CANCELLED
4106,575,48,1,2025-12-06,SHIPPED
4107,977,2,4,2025-11-02,SHIPPED
4108,535,18,2,2025-10-29,SHIPPED
4109,739,31,2,2025-11-06,PENDING
4110,136,5,2,2025-11-18,PENDING
4111,890,20,1,2025-12-12,PENDING
4112,204,6,5,2025-12-19,PENDING
4113,547,42,1,2025-10-28,CANCELLED
4114,705,13,1,2025-12-19,CANCELLED
4115,367,47,3,2025-12-03,DELIVERED
4116,517,5,5,2025-12-01,SHIPPED
4117,707,43,2,2025-11-10,PENDING
4118,733,43,4,2025-11-10,SHIPPED
4119,196,50,3,2025-12-01,SHIPPED
4120,392,32,3,2025-12-12,CANCELLED
4121,737,36,2,2025-10-25,CANCELLED
4122,126,18,4,2025-11-27,PENDING
4123,931,8,5,2025-11-24,PENDING
4124,666,22,4,2025-11-06,DELIVERED
4125,719,18,4,2025-10-24,SHIPPED
4126,108,46,2,2025-12-16,DELIVERED
4127,51,6,5,2025-11-26,SHIPPED
4128,766,13,5,2025-11-09,CANCELLED
4129,423,9,4,2025-11-01,PENDING
4130,344,48,2,2025-10-30,PENDING
4131,612,45,3,2025-11-12,CANCELLED
4132,34,30,5,2025-12-13,SHIPPED
4133,806,20,3,2025-12-01,CANCELLED
4134,34,27,1,2025-12-01,SHIPPED
4135,617,29,5,2025-10-21,CANCELLED
4136,238,23,5,2025-12-14,DELIVERED
4137,748,5,4,2025-11-19,PENDING
4138,44,1,3,2025-10-31,CANCELLED
4139,476,24,4,2025-11-22,CANCELLED
4140,932,16,1,2025-11-02,CANCELLED
4141,315,31,5,2025-12-10,SHIPPED
4142,491,38,3,2025-11-05,SHIPPED
4143,86,46,5,2025-11-14,DELIVERED
4144,293,35,3,2025-12-18,PENDING
4145,776,19,1,2025-12-08,CANCELLED
4146,150,36,3,2025-10-24,SHIPPED
4147,327,5,2,2025-10-24,PENDING
4148,86,34,5,2025-11-20,CANCELLED
4149,181,40,2,2025-11-15,SHIPPED
4150,279,49,3,2025-11-28,DELIVERED
4151,720,21,5,2025-11-23,SHIPPED
4152,342,18,4,2025-11-27,DELIVERED
4153,822,22,1,2025-11-27,PENDING
4154,201,18,3,2025-12-15,CANCELLED
4155,813,13,5,2025-11-08,SHIPPED
4156,271,29,1,2025-11-21,DELIVERED
4157,510,13,3,2025-11-12,PENDING
4158,980,26,4,2025-12-03,DELIVERED
4159,519,22,1,2025-12-01,SHIPPED
4160,825,32,1,2025-12-10,PENDING
4161,744,11,4,2025-12-18,CANCELLED
4162,588,37,2,2025-11-21,DELIVERED
4163,34,16,4,2025-12-14,PENDING
4164,277,11,3,2025-12-10,SHIPPED
4165,24,9,5,2025-11-27,DELIVERED
4166,81,21,5,2025-12-05,CANCELLED
4167,394,38,5,2025-11-16,SHIPPED
4168,903,39,5,2025-11-07,PENDING
4169,69,7,1,2025-12-18,PENDING
4170,652,36,1,2025-11-14,PENDING
4171,379,5,3,2025-11-24,DELIVERED
4172,603,43,3,2025-10-23,SHIPPED
4173,959,4,3,2025-10-24,SHIPPED
4174,324,49,2,2025-11-28,CANCELLED
4175,22,20,5,2025-12-05,SHIPPED
4176,712,48,4,2025-12-12,DELIVERED
4177,409,23,2,2025-11-25,CANCELLED
4178,395,26,1,2025-11-27,CANCELLED
4179,527,35,4,2025-12-11,PENDING
4180,155,10,5,2025-10-30,SHIPPED
4181,853,19,3,2025-10-30,PENDING
4182,881,8,2,2025-11-01,PENDING
4183,19,47,1,2025-11-02,CANCELLED
4184,779,1,3,2025-11-24,PENDING
4185,131,30,1,2025-10-28,SHIPPED
4186,879,23,5,2025-12-19,DELIVERED
4187,46,45,5,2025-10-21,DELIVERED
4188,464,46,3,2025-10-24,DELIVERED
4189,823,14,3,2025-12-08,PENDING
4190,551,10,2,2025-12-08,CANCELLED
4191,353,47,4,2025-11-24,SHIPPED
4192,458,17,5,2025-12-12,SHIPPED
4193,785,4,2,2025-11-09,SHIPPED
4194,970,44,5,2025-12-08,PENDING
4195,952,28,5,2025-11-11,
4196,214,40,5,2025-11-04,PENDING
4197,692,35,5,2025-11-28,SHIPPED
4198,239,32,5,2025-12-08,CANCELLED
4199,844,50,4,2025-12-07,PENDING
4200,698,43,2,2025-12-11,SHIPPED
4201,694,16,1,2025-12-07,DELIVERED
4202,195,7,5,2025-11-19,SHIPPED
4203,446,37,1,2025-11-24,DELIVERED
4204,78,15,1,2025-10-30,SHIPPED
4205,395,30,5,2025-12-16,PENDING
4206,691,17,2,2025-11-21,SHIPPED
4207,428,25,1,2025-12-18,DELIVERED
4208,643,14,4,2025-11-29,PENDING
4209,10,11,5,2025-11-02,DELIVERED
4210,710,7,1,2025-11-20,DELIVERED
4211,436,30,4,2025-12-02,PENDING
4212,100,17,1,2025-11-30,DELIVERED
4213,19,19,5,2025-10-25,PENDING
4214,813,27,5,2025-11-25,DELIVERED
4215,181,14,4,2025-10-28,DELIVERED
4216,293,14,5,2025-11-15,CANCELLED
4217,21,10,5,2025-11-07,
4218,377,41,5,2025-12-18,CANCELLED
4219,698,37,3,2025-11-19,CANCELLED
4220,287,33,3,2025-10-29,SHIPPED
4221,759,41,2,2025-10-29,SHIPPED
4222,327,31,4,2025-11-27,CANCELLED
4223,549,32,2,2025-11-30,CANCELLED
4224,669,20,4,2025-12-12,PENDING
4225,717,8,3,2025-10-27,CANCELLED
4226,655,28,5,2025-10-21,CANCELLED
4227,444,44,4,2025-12-08,
4228,191,30,1,2025-11-01,DELIVERED
4229,938,8,5,2025-11-15,CANCELLED
4230,283,33,2,2025-12-08,PENDING
4231,246,9,4,2025-12-19,SHIPPED
4232,313,15,1,2025-11-16,SHIPPED
4233,824,3,2,2025-12-02,CANCELLED
4234,155,28,5,2025-12-13,PENDING
4235,696,14,5,2025-11-08,PENDING
4236,1000,12,4,2025-10-26,PENDING
4237,719,40,1,2025-12-05,PENDING
4238,212,19,3,2025-12-01,DELIVERED
4239,320,3,2,2025-11-15,SHIPPED
4240,701,32,1,2025-11-14,CANCELLED
4241,934,29,4,2025-12-20,DELIVERED
4242,267,34,1,2025-12-06,SHIPPED
4243,393,36,1,2025-10-28,PENDING
4244,881,22,4,2025-12-16,SHIPPED
4245,168,8,3,2025-11-18,PENDING
4246,436,28,3,2025-11-19,SHIPPED
4247,557,29,5,2025-12-14,SHIPPED
4248,349,36,5,2025-12-14,SHIPPED
4249,665,33,3,2025-11-26,DELIVERED
4250,587,23,1,2025-11-20,PENDING
4251,495,20,4,2025-11-27,SHIPPED
4252,351,28,5,2025-11-05,PENDING
4253,709,3,4,2025-12-20,PENDING
4254,215,32,1,2025-10-24,SHIPPED
4255,304,2,2,2025-12-19,PENDING
4256,852,11,2,2025-12-14,PENDING
4257,959,47,3,2025-12-13,PENDING
4258,464,14,4,2025-12-05,CANCELLED
4259,401,10,2,2025-10-27,PENDING
4260,677,12,5,2025-11-18,SHIPPED
4261,993,44,2,2025-11-20,DELIVERED
4262,341,31,3,2025-12-17,SHIPPED
4263,785,6,4,2025-12-12,PENDING
4264,781,38,3,2025-10-30,PENDING
4265,626,43,4,2025-11-20,DELIVERED
4266,974,37,2,2025-10-29,SHIPPED
4267,925,41,5,2025-11-29,CANCELLED
4268,905,14,1,2025-10-26,DELIVERED
4269,565,42,4,2025-11-13,PENDING
4270,352,42,5,2025-11-16,PENDING
4271,96,43,4,2025-11-22,DELIVERED
4272,721,17,1,2025-12-02,SHIPPED
4273,263,13,2,2025-11-28,PENDING
4274,454,19,3,2025-12-18,DELIVERED
4275,172,16,2,2025-10-29,SHIPPED
4276,86,31,5,2025-12-06,PENDING
4277,48,49,4,2025-11-28,CANCELLED
4278,913,49,3,2025-12-08,PENDING
4279,485,14,5,2025-10-27,SHIPPED
4280,928,40,4,2025-11-24,SHIPPED
4281,969,6,2,2025-11-11,DELIVERED
4282,805,7,3,2025-12-03,PENDING
4283,214,24,1,2025-12-07,SHIPPED
4284,227,33,4,2025-10-30,DELIVERED
4285,624,4,3,2025-10-30,DELIVERED
4286,114,28,2,2025-12-09,DELIVERED
4287,994,8,5,2025-10-28,PENDING
4288,43,43,2,2025-11-20,SHIPPED
4289,930,48,5,2025-11-15,PENDING
4290,951,25,2,2025-12-01,PENDING
4291,194,10,5,2025-11-05,SHIPPED
4292,627,16,3,2025-11-26,SHIPPED
4293,246,43,4,2025-11-09,CANCELLED
4294,693,41,4,2025-10-31,SHIPPED
4295,369,8,4,2025-12-02,CANCELLED
4296,252,41,4,2025-11-20,SHIPPED
4297,355,17,1,2025-10-24,DELIVERED
4298,876,5,1,2025-11-15,SHIPPED
4299,893,40,3,2025-12-04,PENDING
4300,266,19,3,2025-12-01,DELIVERED
4301,804,3,3,2025-11-18,CANCELLED
4302,307,48,1,2025-11-26,CANCELLED
4303,515,24,1,2025-11-27,CANCELLED
4304,51,48,4,2025-10-22,CANCELLED
4305,238,44,5,2025-11-30,PENDING
4306,260,20,1,2025-11-09,DELIVERED
4307,821,17,4,2025-11-10,CANCELLED
4308,899,34,5,2025-11-03,PENDING
4309,534,34,3,2025-11-14,PENDING
4310,647,18,3,2025-10-24,SHIPPED
4311,257,41,5,2025-11-20,CANCELLED
4312,200,40,5,2025-12-18,CANCELLED
4313,783,3,5,2025-12-12,PENDING
4314,774,16,5,2025-12-10,DELIVERED
4315,105,47,5,2025-12-15,DELIVERED
4316,303,38,1,2025-12-02,PENDING
4317,448,27,1,2025-12-09,DELIVERED
4318,778,6,1,2025-10-29,PENDING
4319,722,11,2,2025-12-17,SHIPPED
4320,533,42,4,2025-11-06,PENDING
4321,841,12,5,2025-11-01,CANCELLED
4322,497,16,5,2025-11-03,DELIVERED
4323,410,21,3,2025-12-11,PENDING
4324,628,1,2,2025-11-17,CANCELLED
4325,350,22,1,2025-11-14,CANCELLED
4326,767,46,2,2025-11-11,PENDING
4327,611,27,5,2025-10-29,DELIVERED
4328,372,50,1,2025-11-12,CANCELLED
4329,131,5,1,2025-11-09,PENDING
4330,406,21,4,2025-11-29,CANCELLED
4331,998,19,5,2025-12-18,SHIPPED
4332,284,2,1,2025-11-10,CANCELLED
4333,482,35,5,2025-11-09,DELIVERED
4334,868,9,1,2025-10-26,PENDING
4335,11,32,4,2025-11-14,SHIPPED
4336,528,21,3,2025-10-26,SHIPPED
4337,71,10,1,2025-11-01,SHIPPED
4338,314,12,5,2025-11-15,CANCELLED
4339,947,49,2,2025-12-16,SHIPPED
4340,348,11,5,2025-11-24,SHIPPED
4341,365,4,2,2025-10-21,CANCELLED
4342,307,7,4,2025-11-25,CANCELLED
4343,841,39,3,2025-10-23,SHIPPED
4344,170,16,2,2025-11-23,CANCELLED
4345,753,37,4,2025-10-23,CANCELLED
4346,765,12,2,2025-12-12,DELIVERED
4347,542,18,5,2025-12-10,CANCELLED
4348,945,5,2,2025-11-24,CANCELLED
4349,964,9,5,2025-11-07,SHIPPED
4350,753,3,3,2025-11-19,PENDING
4351,731,14,3,2025-11-17,DELIVERED
4352,870,2,5,2025-12-13,SHIPPED
4353,766,27,2,2025-11-16,CANCELLED
4354,722,31,1,2025-12-16,PENDING
4355,394,16,2,2025-12-18,DELIVERED
4356,598,39,2,2025-12-19,PENDING
4357,758,21,4,2025-10-29,CANCELLED
4358,472,10,3,2025-12-04,DELIVERED
4359,336,4,4,2025-11-11,SHIPPED
4360,956,4,1,2025-10-31,CANCELLED
4361,62,27,3,2025-11-20,CANCELLED
4362,567,32,2,2025-11-03,PENDING
4363,255,44,4,2025-12-10,DELIVERED
4364,220,10,4,2025-12-08,DELIVERED
4365,675,12,4,2025-12-01,PENDING
4366,912,40,1,2025-12-03,PENDING
4367,562,46,1,2025-11-15,DELIVERED
4368,412,47,1,2025-12-15,DELIVERED
4369,437,5,5,2025-12-16,PENDING
4370,823,40,3,2025-10-22,PENDING
4371,832,23,1,2025-12-04,PENDING
4372,858,24,5,2025-11-05,PENDING
4373,101,22,5,2025-12-12,DELIVERED
4374,83,45,5,2025-11-10,DELIVERED
4375,285,17,2,2025-11-14,DELIVERED
4376,405,12,1,2025-12-19,CANCELLED
4377,940,8,1,2025-11-27,DELIVERED
4378,186,17,1,2025-10-22,PENDING
4379,426,43,3,2025-12-10,DELIVERED
4380,629,17,5,2025-12-06,CANCELLED
4381,457,39,1,2025-10-25,CANCELLED
4382,13,21,3,2025-11-11,DELIVERED
4383,290,21,3,2025-11-13,CANCELLED
4384,505,9,3,2025-11-23,DELIVERED
4385,28,30,5,2025-12-06,DELIVERED
4386,220,48,5,2025-12-17,SHIPPED
4387,327,47,2,2025-12-09,PENDING
4388,703,10,4,2025-12-15,CANCELLED
4389,439,41,2,2025-10-28,DELIVERED
4390,615,19,4,2025-12-15,CANCELLED
4391,277,12,2,2025-10-23,DELIVERED
4392,390,42,4,2025-10-23,CANCELLED
4393,155,27,2,2025-12-18,DELIVERED
4394,458,1,1,2025-12-01,PENDING
4395,381,34,1,2025-10-31,PENDING
4396,371,31,2,2025-12-08,SHIPPED
4397,148,3,2,2025-12-20,PENDING
4398,90,45,2,2025-12-10,SHIPPED
4399,147,21,1,2025-10-21,CANCELLED
4400,899,36,3,2025-12-17,PENDING
4401,681,24,4,2025-12-02,SHIPPED
4402,520,18,4,2025-12-01,CANCELLED
4403,470,15,4,2025-10-31,DELIVERED
4404,863,3,4,2025-10-29,DELIVERED
4405,615,4,2,2025-12-19,SHIPPED
4406,98,48,2,2025-11-28,SHIPPED
4407,487,49,4,2025-11-20,SHIPPED
4408,955,44,1,2025-12-10,DELIVERED
4409,381,12,1,2025-11-25,CANCELLED
4410,137,31,5,2025-11-23,PENDING
4411,946,30,4,2025-11-10,CANCELLED
4412,155,47,2,2025-12-13,DELIVERED
4413,649,28,2,2025-11-05,CANCELLED
4414,283,23,3,2025-10-24,CANCELLED
4415,306,25,1,2025-12-19,SHIPPED
4416,87,13,2,2025-10-29,PENDING
4417,120,16,3,2025-11-03,CANCELLED
4418,696,49,4,2025-11-30,DELIVERED
4419,747,8,5,2025-11-24,SHIPPED
4420,946,20,5,2025-12-08,DELIVERED
4421,796,37,5,2025-10-27,PENDING
4422,458,13,1,2025-12-08,DELIVERED
4423,920,40,3,2025-12-18,SHIPPED
4424,999999,42,5,2025-12-19,CANCELLED
4425,790,49,2,2025-10-24,CANCELLED
4426,833,8,2,2025-11-30,CANCELLED
4427,670,41,3,2025-11-14,DELIVERED
4428,953,6,4,2025-11-30,CANCELLED
4429,901,20,4,2025-11-10,DELIVERED
4430,142,12,2,2025-11-07,CANCELLED
4431,999999,27,5,2025-11-16,DELIVERED
4432,855,30,5,2025-11-28,PENDING
4433,326,13,2,2025-12-04,DELIVERED
4434,445,42,5,2025-11-07,PENDING
4435,836,17,3,2025-10-28,CANCELLED
4436,114,4,4,2025-12-01,DELIVERED
4437,239,39,2,2025-12-20,DELIVERED
4438,987,35,1,2025-10-31,CANCELLED
4439,373,24,4,2025-11-28,SHIPPED
4440,289,12,1,2025-10-29,DELIVERED
4441,931,2,5,2025-10-30,SHIPPED
4442,333,45,2,2025-11-24,DELIVERED
4443,494,37,4,2025-11-12,PENDING
4444,978,34,2,2025-10-31,DELIVERED
4445,835,22,3,2025-12-01,DELIVERED
4446,883,5,2,2025-12-18,SHIPPED
4447,584,30,1,2025-11-13,SHIPPED
4448,239,32,2,2025-12-04,CANCELLED
4449,642,36,2,2025-11-05,PENDING
4450,545,13,4,2025-11-18,PENDING
4451,350,4,3,2025-11-10,PENDING
4452,548,46,1,2025-11-13,DELIVERED
4453,416,24,4,2025-12-18,DELIVERED
4454,849,50,3,2025-11-20,CANCELLED
4455,75,8,2,2025-12-11,DELIVERED
4456,999999,13,5,2025-12-19,SHIPPED
4457,459,5,1,2025-11-18,CANCELLED
4458,773,6,2,2025-11-09,DELIVERED
4459,704,44,5,2025-11-06,PENDING
4460,368,24,3,2025-10-25,SHIPPED
4461,685,32,4,2025-11-20,PENDING
4462,934,41,2,2025-10-21,PENDING
4463,727,22,1,2025-12-15,PENDING
4464,921,8,1,2025-11-18,DELIVERED
4465,253,37,2,2025-11-09,SHIPPED
4466,885,8,5,2025-11-03,SHIPPED
4467,120,4,5,2025-10-25,SHIPPED
4468,988,8,5,2025-11-07,SHIPPED
4469,849,34,1,2025-10-31,CANCELLED
4470,287,9,1,2025-10-30,PENDING
4471,353,7,2,2025-12-10,PENDING
4472,488,46,1,2025-11-03,CANCELLED
4473,658,21,3,2025-11-25,SHIPPED
4474,520,4,2,2025-11-06,PENDING
4475,74,18,4,2025-11-01,SHIPPED
4476,352,5,2,2025-10-22,DELIVERED
4477,663,46,1,2025-12-16,DELIVERED
4478,525,35,2,2025-12-09,PENDING
4479,481,11,4,2025-12-09,PENDING
4480,293,34,3,2025-11-07,PENDING
4481,500,44,2,2025-12-15,SHIPPED
4482,910,10,2,2025-12-17,CANCELLED
4483,316,47,5,2025-12-03,PENDING
4484,836,15,5,2025-11-26,SHIPPED
4485,481,49,4,2025-12-01,PENDING
4486,229,35,1,2025-11-03,PENDING
4487,542,29,5,2025-12-13,PENDING
4488,928,29,4,2025-10-21,PENDING
4489,294,11,3,2025-12-07,CANCELLED
4490,18,42,3,2025-12-17,SHIPPED
4491,165,33,2,2025-11-07,CANCELLED
4492,999999,16,4,2025-10-23,SHIPPED
4493,508,26,4,2025-11-04,DELIVERED
4494,563,16,3,2025-12-20,CANCELLED
4495,87,1,2,2025-12-06,PENDING
4496,474,14,5,2025-11-06,DELIVERED
4497,352,13,5,2025-11-07,CANCELLED
4498,537,18,4,2025-11-01,PENDING
4499,79,25,4,2025-11-07,DELIVERED
4500,771,46,1,2025-12-07,CANCELLED
4501,999999,8,5,2025-12-06,SHIPPED
4502,112,30,4,2025-11-18,DELIVERED
4503,223,39,2,2025-11-15,PENDING
4504,191,34,3,2025-11-28,PENDING
4505,866,26,3,2025-11-25,CANCELLED
4506,212,6,5,2025-10-21,SHIPPED
4507,514,28,5,2025-11-30,SHIPPED
4508,768,45,1,2025-10-29,SHIPPED
4509,589,27,4,2025-11-14,SHIPPED
4510,957,18,5,2025-10-26,CANCELLED
4511,932,17,2,2025-11-07,SHIPPED
4512,647,32,2,2025-12-01,CANCELLED
4513,399,45,5,2025-12-02,CANCELLED
4514,664,17,2,2025-11-26,CANCELLED
4515,58,41,3,2025-10-27,DELIVERED
4516,128,33,1,2025-11-02,PENDING
4517,486,38,1,2025-12-03,SHIPPED
4518,293,31,1,2025-12-13,DELIVERED
4519,364,23,2,2025-12-18,PENDING
4520,371,45,4,2025-11-23,SHIPPED
4521,159,34,3,2025-11-08,PENDING
4522,599,42,2,2025-10-21,PENDING
4523,84,43,3,2025-11-30,DELIVERED
4524,646,9,4,2025-11-22,SHIPPED
4525,359,6,3,2025-12-20,CANCELLED
4526,250,47,3,2025-12-20,SHIPPED
4527,36,50,5,2025-12-03,DELIVERED
4528,521,49,4,2025-12-20,DELIVERED
4529,166,48,2,2025-10-27,CANCELLED
4530,281,31,1,2025-11-11,CANCELLED
4531,700,19,4,2025-11-25,CANCELLED
4532,558,45,4,2025-11-25,DELIVERED
4533,652,44,1,2025-10-28,PENDING
4534,912,27,3,2025-11-18,PENDING
4535,439,20,5,2025-10-25,PENDING
4536,74,44,3,2025-12-18,SHIPPED
4537,808,39,5,2025-10-23,DELIVERED
4538,350,12,4,2025-11-18,SHIPPED
4539,324,40,3,2025-10-24,CANCELLED
4540,164,12,1,2025-11-26,SHIPPED
4541,105,30,5,2025-12-03,DELIVERED
4542,258,37,3,2025-10-21,CANCELLED
4543,456,42,4,2025-12-12,PENDING
4544,44,19,4,2025-11-23,PENDING
4545,444,50,4,2025-11-05,DELIVERED
4546,999999,34,4,2025-11-24,CANCELLED
4547,815,19,5,2025-11-02,SHIPPED
4548,795,27,4,2025-11-04,SHIPPED
4549,808,19,4,2025-12-10,SHIPPED
4550,651,37,2,2025-11-30,DELIVERED
4551,117,49,3,2025-12-07,DELIVERED
4552,589,13,2,2025-12-06,CANCELLED
4553,967,7,2,2025-12-19,PENDING
4554,785,23,2,2025-11-20,PENDING
4555,510,17,5,2025-11-06,SHIPPED
4556,622,9,3,2025-11-15,
4557,333,16,2,2025-11-26,DELIVERED
4558,467,33,5,2025-12-08,CANCELLED
4559,743,13,5,2025-11-12,DELIVERED
4560,581,16,5,2025-12-02,DELIVERED
4561,405,43,1,2025-11-19,DELIVERED
4562,864,6,5,2025-12-06,PENDING
4563,234,21,2,2025-11-12,SHIPPED
4564,43,34,3,2025-11-06,SHIPPED
4565,342,32,5,2025-11-26,DELIVERED
4566,69,43,4,2025-11-07,CANCELLED
4567,458,25,3,2025-11-21,SHIPPED
4568,999999,11,1,2025-12-10,PENDING
4569,72,47,3,2025-11-10,PENDING
4570,249,19,5,2025-11-25,DELIVERED
4571,37,27,1,2025-12-04,PENDING
4572,64,19,3,2025-12-16,SHIPPED
4573,85,9,2,2025-11-22,SHIPPED
4574,754,15,4,2025-10-31,PENDING
4575,985,14,2,2025-11-22,DELIVERED
4576,190,26,3,2025-12-13,PENDING
4577,446,30,3,2025-10-24,CANCELLED
4578,7,38,3,2025-11-09,PENDING
4579,649,22,3,2025-12-16,SHIPPED
4580,66,18,2,2025-12-19,DELIVERED
4581,62,10,1,2025-10-22,PENDING
4582,569,14,2,2025-11-25,SHIPPED
4583,376,12,1,2025-11-30,DELIVERED
4584,426,3,5,2025-11-28,SHIPPED
4585,915,40,1,2025-11-13,DELIVERED
4586,197,10,4,2025-12-09,PENDING
4587,853,11,1,2025-12-10,PENDING
4588,642,6,3,2025-12-06,PENDING
4589,842,41,4,2025-10-24,CANCELLED
4590,798,14,4,2025-12-08,CANCELLED
4591,150,49,5,2025-10-31,DELIVERED
4592,659,40,3,2025-11-19,PENDING
4593,178,50,4,2025-10-21,SHIPPED
4594,528,49,2,2025-12-13,PENDING
4595,253,4,1,2025-12-10,PENDING
4596,813,34,2,2025-11-17,SHIPPED
4597,824,10,1,2025-11-17,SHIPPED
4598,401,7,2,2025-12-15,PENDING
4599,600,39,2,2025-12-20,DELIVERED
4600,907,44,1,2025-12-13,SHIPPED
4601,483,43,3,2025-11-03,SHIPPED
4602,539,6,5,2025-10-30,SHIPPED
4603,275,27,4,2025-10-26,DELIVERED
4604,595,48,1,2025-11-25,PENDING
4605,344,41,2,2025-10-31,CANCELLED
4606,279,17,3,2025-10-26,CANCELLED
4607,331,10,3,2025-12-14,SHIPPED
4608,197,42,3,2025-12-10,CANCELLED
4609,240,21,4,2025-10-23,PENDING
4610,35,18,3,2025-12-10,CANCELLED
4611,973,4,2,2025-12-16,PENDING
4612,89,3,4,2025-10-23,CANCELLED
4613,148,41,3,2025-11-21,SHIPPED
4614,649,33,2,2025-12-07,SHIPPED
4615,643,45,4,2025-11-26,DELIVERED
4616,629,25,1,2025-11-05,CANCELLED
4617,290,9,1,2025-11-16,PENDING
4618,18,31,3,2025-11-11,SHIPPED
4619,305,36,4,2025-11-19,PENDING
4620,742,49,3,2025-11-07,PENDING
4621,999999,48,2,2025-11-10,CANCELLED
4622,677,27,1,2025-10-23,SHIPPED
4623,163,2,5,2025-10-22,DELIVERED
4624,463,46,4,2025-12-19,PENDING
4625,653,48,5,2025-11-30,DELIVERED
4626,104,38,5,2025-11-14,SHIPPED
4627,722,7,2,2025-12-16,SHIPPED
4628,975,23,1,2025-12-02,PENDING
4629,509,31,1,2025-11-05,SHIPPED
4630,288,33,1,2025-12-04,CANCELLED
4631,969,22,4,2025-11-15,SHIPPED
4632,528,14,5,2025-11-26,SHIPPED
4633,913,20,3,2025-10-28,DELIVERED
4634,207,25,2,2025-12-10,PENDING
4635,960,47,4,2025-11-02,PENDING
4636,432,50,2,2025-12-03,DELIVERED
4637,315,46,5,2025-12-04,PENDING
4638,748,35,5,2025-11-20,DELIVERED
4639,384,5,4,2025-12-15,DELIVERED
4640,155,32,3,2025-12-18,SHIPPED
4641,518,9,2,2025-11-16,CANCELLED
4642,764,45,4,2025-12-03,PENDING
4643,977,8,3,2025-11-19,DELIVERED
4644,49,30,3,2025-10-24,SHIPPED
4645,606,50,1,2025-11-26,DELIVERED
4646,700,11,5,2025-10-26,DELIVERED
4647,387,48,3,2025-11-16,PENDING
4648,343,25,5,2025-12-10,DELIVERED
4649,486,22,4,2025-12-05,CANCELLED
4650,771,12,1,2025-12-17,CANCELLED
4651,806,5,2,2025-12-20,CANCELLED
4652,712,4,4,2025-12-05,PENDING
4653,468,19,3,2025-10-21,CANCELLED
4654,200,40,4,2025-12-10,SHIPPED
4655,49,21,5,2025-10-23,PENDING
4656,428,42,1,2025-10-21,PENDING
4657,220,47,1,2025-12-14,PENDING
4658,41,44,1,2025-12-07,DELIVERED
4659,72,16,2,2025-12-12,SHIPPED
4660,368,6,5,2025-11-18,SHIPPED
4661,695,14,2,2025-10-29,PENDING
4662,882,22,5,2025-11-21,PENDING
4663,355,34,1,2025-11-03,DELIVERED
4664,544,14,3,2025-12-12,PENDING
4665,436,5,1,2025-10-31,SHIPPED
4666,812,13,4,2025-11-21,DELIVERED
4667,120,12,1,2025-11-06,SHIPPED
4668,695,40,2,2025-11-20,CANCELLED
4669,817,15,3,2025-12-17,CANCELLED
4670,772,36,2,2025-10-27,PENDING
4671,434,30,5,2025-11-02,SHIPPED
4672,373,27,2,2025-12-07,SHIPPED
4673,744,5,1,2025-11-22,SHIPPED
4674,34,30,3,2025-10-22,PENDING
4675,975,42,2,2025-12-20,DELIVERED
4676,927,8,2,2025-11-20,SHIPPED
4677,520,12,2,2025-11-09,PENDING
4678,31,45,1,2025-11-24,SHIPPED
4679,169,9,5,2025-12-07,CANCELLED
4680,664,41,4,2025-12-03,PENDING
4681,285,14,3,2025-12-04,PENDING
4682,604,45,2,2025-12-20,PENDING
4683,483,35,1,2025-11-03,SHIPPED
4684,607,10,2,2025-10-24,DELIVERED
4685,939,47,1,2025-11-23,PENDING
4686,36,40,4,2025-10-21,PENDING
4687,719,13,4,2025-11-17,SHIPPED
4688,772,24,1,2025-11-20,CANCELLED
4689,386,32,4,2025-12-06,SHIPPED
4690,986,31,1,2025-11-25,PENDING
4691,651,43,2,2025-12-14,SHIPPED
4692,386,30,4,2025-12-03,PENDING
4693,389,49,2,2025-10-31,CANCELLED
4694,110,10,2,2025-12-03,PENDING
4695,453,19,3,2025-10-28,SHIPPED
4696,696,38,4,2025-11-01,PENDING
4697,3,5,3,2025-11-27,DELIVERED
4698,342,6,1,2025-10-26,DELIVERED
4699,304,50,4,2025-12-15,DELIVERED
4700,623,35,2,2025-12-05,SHIPPED
4701,967,45,1,2025-12-10,CANCELLED
4702,946,12,1,2025-10-22,DELIVERED
4703,814,19,1,2025-11-06,SHIPPED
4704,473,28,3,2025-11-18,SHIPPED
4705,185,11,5,2025-12-16,CANCELLED
4706,422,36,4,2025-12-08,CANCELLED
4707,751,46,2,2025-12-05,CANCELLED
4708,572,46,1,2025-11-17,CANCELLED
4709,157,38,1,2025-12-12,PENDING
4710,352,1,3,2025-11-08,DELIVERED
4711,377,32,3,2025-12-03,CANCELLED
4712,230,14,1,2025-12-16,SHIPPED
4713,920,43,2,2025-10-27,DELIVERED
4714,943,11,5,2025-11-17,SHIPPED
4715,941,34,4,2025-11-18,CANCELLED
4716,678,8,4,2025-11-13,SHIPPED
4717,448,11,3,2025-12-09,SHIPPED
4718,49,43,4,2025-12-01,SHIPPED
4719,483,44,2,2025-11-17,SHIPPED
4720,360,1,2,2025-11-17,CANCELLED
4721,140,14,1,2025-12-17,PENDING
4722,56,26,3,2025-11-30,PENDING
4723,610,44,5,2025-10-22,SHIPPED
4724,490,29,4,2025-11-20,SHIPPED
4725,248,6,1,2025-12-07,SHIPPED
4726,752,20,1,2025-12-12,DELIVERED
4727,267,8,4,2025-11-02,SHIPPED
4728,576,33,5,2025-11-08,SHIPPED
4729,149,3,1,2025-11-18,DELIVERED
4730,771,9,4,2025-11-15,CANCELLED
4731,541,35,4,2025-11-20,CANCELLED
4732,455,42,4,2025-11-18,PENDING
4733,342,26,1,2025-10-24,CANCELLED
4734,906,47,5,2025-11-15,CANCELLED
4735,408,12,4,2025-12-16,SHIPPED
4736,929,31,5,2025-11-07,SHIPPED
4737,850,4,1,2025-11-08,DELIVERED
4738,153,4,1,2025-11-01,SHIPPED
4739,90,35,3,2025-12-11,PENDING
4740,533,13,1,2025-10-31,DELIVERED
4741,564,47,5,2025-12-17,PENDING
4742,570,23,4,2025-11-22,SHIPPED
4743,507,17,5,2025-12-20,CANCELLED
4744,366,11,2,2025-10-28,CANCELLED
4745,93,32,3,2025-10-24,SHIPPED
4746,123,21,3,2025-11-23,PENDING
4747,500,35,5,2025-11-28,CANCELLED
4748,963,22,2,2025-10-31,CANCELLED
4749,18,15,1,2025-12-01,PENDING
4750,842,6,4,2025-10-27,SHIPPED
4751,594,35,4,2025-10-21,CANCELLED
4752,500,20,1,2025-12-20,DELIVERED
4753,724,5,5,2025-10-24,SHIPPED
4754,895,28,4,2025-11-23,DELIVERED
4755,412,40,5,2025-10-21,DELIVERED
4756,4,8,3,2025-12-13,SHIPPED
4757,530,43,3,2025-11-11,DELIVERED
4758,270,7,3,2025-12-19,PENDING
4759,549,30,4,2025-11-03,PENDING
4760,806,13,1,2025-10-29,SHIPPED
4761,627,16,1,2025-10-24,SHIPPED
4762,639,43,5,2025-11-03,DELIVERED
4763,503,32,4,2025-10-29,PENDING
4764,162,42,1,2025-12-17,DELIVERED
4765,721,32,1,2025-11-29,CANCELLED
4766,491,42,1,2025-10-30,PENDING
4767,580,20,2,2025-11-05,DELIVERED
4768,381,35,2,2025-11-08,PENDING
4769,314,7,5,2025-11-10,DELIVERED
4770,151,33,4,2025-10-29,CANCELLED
4771,112,39,4,2025-12-08,CANCELLED
4772,791,11,1,2025-12-19,DELIVERED
4773,729,20,3,2025-11-10,SHIPPED
4774,797,45,5,2025-12-18,DELIVERED
4775,15,10,1,2025-11-11,CANCELLED
4776,200,44,2,2025-11-27,DELIVERED
4777,591,8,2,2025-11-04,PENDING
4778,526,40,4,2025-10-23,SHIPPED
4779,868,21,1,2025-11-18,SHIPPED
4780,931,10,5,2025-11-16,CANCELLED
4781,472,27,3,2025-11-07,CANCELLED
4782,762,47,3,2025-12-10,PENDING
4783,499,27,1,2025-11-04,SHIPPED
4784,463,28,2,2025-11-26,PENDING
4785,704,46,2,2025-11-21,PENDING
4786,694,21,4,2025-11-15,PENDING
4787,154,15,4,2025-11-24,CANCELLED
4788,733,38,5,2025-11-11,CANCELLED
4789,706,9,4,2025-11-17,DELIVERED
4790,576,15,4,2025-10-22,CANCELLED
4791,877,34,5,2025-11-22,CANCELLED
4792,348,47,4,2025-11-28,CANCELLED
4793,240,1,1,2025-12-16,DELIVERED
4794,577,16,2,2025-11-17,PENDING
4795,237,11,5,2025-10-23,CANCELLED
4796,767,28,4,2025-10-26,PENDING
4797,784,48,3,2025-11-28,PENDING
4798,435,37,2,2025-11-10,SHIPPED
4799,84,6,1,2025-12-18,DELIVERED
4800,166,7,4,2025-11-10,PENDING
4801,302,2,1,2025-12-19,CANCELLED
4802,516,20,3,2025-12-16,PENDING
4803,485,44,3,2025-12-06,DELIVERED
4804,193,36,4,2025-12-04,PENDING
4805,796,4,1,2025-11-24,SHIPPED
4806,206,6,2,2025-12-05,PENDING
4807,178,35,1,2025-12-05,SHIPPED
4808,451,48,1,2025-11-29,
4809,972,41,5,2025-11-02,CANCELLED
4810,722,24,5,2025-11-07,CANCELLED
4811,492,39,2,2025-10-23,PENDING
4812,535,48,1,2025-11-06,DELIVERED
4813,483,34,2,2025-12-11,DELIVERED
4814,372,16,4,2025-10-31,DELIVERED
4815,872,43,3,2025-11-24,PENDING
4816,206,6,1,2025-11-28,CANCELLED
4817,956,36,1,2025-11-13,DELIVERED
4818,880,43,5,2025-11-27,CANCELLED
4819,990,21,2,2025-12-02,DELIVERED
4820,46,49,4,2025-10-31,DELIVERED
4821,772,43,4,2025-12-20,SHIPPED
4822,802,12,4,2025-12-19,SHIPPED
4823,698,18,5,2025-12-14,PENDING
4824,276,4,1,2025-11-02,SHIPPED
4825,70,14,3,2025-11-06,PENDING
4826,166,34,1,2025-10-21,SHIPPED
4827,565,50,2,2025-11-18,CANCELLED
4828,409,6,5,2025-11-15,DELIVERED
4829,192,47,5,2025-12-06,CANCELLED
4830,825,27,4,2025-10-28,CANCELLED
4831,209,46,3,2025-11-28,CANCELLED
4832,516,33,4,2025-12-20,CANCELLED
4833,605,8,2,2025-11-18,DELIVERED
4834,674,45,4,2025-11-04,PENDING
4835,301,11,4,2025-10-22,SHIPPED
4836,944,26,3,2025-11-02,CANCELLED
4837,731,17,3,2025-12-20,DELIVERED
4838,924,44,1,2025-12-12,DELIVERED
4839,274,11,3,2025-12-19,CANCELLED
4840,89,20,1,2025-11-05,DELIVERED
4841,203,4,4,2025-12-20,SHIPPED
4842,27,42,3,2025-11-20,SHIPPED
4843,124,41,2,2025-12-15,SHIPPED
4844,606,32,2,2025-12-04,PENDING
4845,307,27,1,2025-11-20,DELIVERED
4846,757,31,4,2025-12-06,SHIPPED
4847,320,22,1,2025-12-12,CANCELLED
4848,56,16,3,2025-10-26,DELIVERED
4849,244,16,3,2025-11-14,SHIPPED
4850,442,42,1,2025-12-19,DELIVERED
4851,107,20,2,2025-10-24,CANCELLED
4852,8,36,2,2025-10-30,PENDING
4853,586,30,5,2025-11-11,DELIVERED
4854,567,16,5,2025-12-09,PENDING
4855,757,33,2,2025-11-18,SHIPPED
4856,999999,30,5,2025-10-29,SHIPPED
4857,512,26,4,2025-12-20,CANCELLED
4858,905,47,5,2025-11-20,DELIVERED
4859,521,24,5,2025-11-19,SHIPPED
4860,590,34,4,2025-12-01,SHIPPED
4861,148,44,1,2025-12-13,CANCELLED
4862,999,20,3,2025-11-22,DELIVERED
4863,763,41,3,2025-11-30,PENDING
4864,952,21,5,2025-11-17,SHIPPED
4865,414,22,4,2025-10-27,SHIPPED
4866,501,23,5,2025-12-13,CANCELLED
4867,305,7,3,2025-12-09,PENDING
4868,622,25,5,2025-11-27,SHIPPED
4869,68,4,5,2025-12-05,SHIPPED
4870,60,34,5,2025-11-13,PENDING
4871,1,42,1,2025-11-13,DELIVERED
4872,450,16,2,2025-11-14,PENDING
4873,54,18,3,2025-12-18,SHIPPED
4874,171,21,5,2025-12-09,DELIVERED
4875,977,26,2,2025-11-21,SHIPPED
4876,829,50,2,2025-11-05,SHIPPED
4877,905,5,5,2025-11-21,DELIVERED
4878,508,23,4,2025-10-21,CANCELLED
4879,361,29,5,2025-10-30,SHIPPED
4880,259,40,1,2025-11-20,SHIPPED
4881,863,2,2,2025-12-15,SHIPPED
4882,905,17,5,2025-11-06,DELIVERED
4883,483,19,5,2025-11-22,PENDING
4884,98,37,1,2025-11-30,SHIPPED
4885,626,22,4,2025-10-25,DELIVERED
4886,976,19,2,2025-12-12,CANCELLED
4887,948,48,5,2025-12-20,SHIPPED
4888,526,44,1,2025-10-21,CANCELLED
4889,505,31,1,2025-11-02,CANCELLED
4890,940,36,5,2025-12-10,DELIVERED
4891,1,18,3,2025-10-28,PENDING
4892,21,35,5,2025-11-17,CANCELLED
4893,329,45,3,2025-12-11,DELIVERED
4894,743,1,3,2025-12-09,SHIPPED
4895,65,25,1,2025-12-03,PENDING
4896,408,29,4,2025-11-07,CANCELLED
4897,620,47,3,2025-11-29,DELIVERED
4898,462,36,5,2025-12-03,SHIPPED
4899,764,13,4,2025-10-21,CANCELLED
4900,203,11,5,2025-12-02,PENDING
4901,255,6,3,2025-12-03,CANCELLED
4902,825,17,5,2025-11-14,DELIVERED
4903,656,40,2,2025-11-04,CANCELLED
4904,49,19,2,2025-11-25,CANCELLED
4905,555,37,5,2025-10-25,PENDING
4906,398,44,1,2025-10-24,SHIPPED
4907,98,49,4,2025-10-26,SHIPPED
4908,282,16,5,2025-11-02,DELIVERED
4909,767,40,4,2025-11-13,DELIVERED
4910,873,12,4,2025-10-28,CANCELLED
4911,93,19,3,2025-11-06,PENDING
4912,775,34,5,2025-12-05,CANCELLED
4913,492,17,2,2025-10-22,CANCELLED
4914,178,40,4,2025-11-15,DELIVERED
4915,83,13,1,2025-11-27,SHIPPED
4916,851,28,1,2025-12-09,CANCELLED
4917,20,45,4,2025-12-07,SHIPPED
4918,194,35,3,2025-12-18,SHIPPED
4919,56,16,4,2025-11-17,DELIVERED
4920,151,17,4,2025-11-11,PENDING
4921,379,16,4,2025-12-03,CANCELLED
4922,750,17,5,2025-10-23,CANCELLED
4923,866,25,4,2025-11-25,PENDING
4924,498,32,1,2025-12-16,CANCELLED
4925,729,36,5,2025-11-25,SHIPPED
4926,954,21,2,2025-12-08,CANCELLED
4927,764,28,4,2025-10-23,SHIPPED
4928,438,32,2,2025-12-05,PENDING
4929,897,36,4,2025-11-11,PENDING
4930,613,41,3,2025-11-05,SHIPPED
4931,419,7,1,2025-10-21,PENDING
4932,262,42,2,2025-11-03,PENDING
4933,803,27,2,2025-11-23,PENDING
4934,956,41,4,2025-12-01,SHIPPED
4935,896,41,1,2025-10-24,PENDING
4936,268,6,3,2025-11-22,SHIPPED
4937,806,24,5,2025-11-13,DELIVERED
4938,704,37,5,2025-11-11,SHIPPED
4939,776,9,3,2025-11-24,PENDING
4940,892,34,3,2025-12-15,DELIVERED
4941,553,14,3,2025-12-13,SHIPPED
4942,771,37,3,2025-12-04,PENDING
4943,381,40,5,2025-12-17,DELIVERED
4944,292,44,4,2025-11-16,PENDING
4945,714,21,3,2025-11-05,CANCELLED
4946,548,42,3,2025-12-13,DELIVERED
4947,187,41,4,2025-11-27,SHIPPED
4948,548,36,3,2025-10-29,CANCELLED
4949,178,7,2,2025-10-25,DELIVERED
4950,503,31,4,2025-12-16,CANCELLED
4951,244,20,5,2025-11-18,DELIVERED
4952,497,50,5,2025-12-08,DELIVERED
4953,281,29,4,2025-11-20,DELIVERED
4954,797,30,5,2025-12-06,DELIVERED
4955,181,35,3,2025-10-24,SHIPPED
4956,847,25,5,2025-12-06,SHIPPED
4957,850,32,5,2025-11-16,DELIVERED
4958,867,16,3,2025-11-13,PENDING
4959,772,2,2,2025-11-07,SHIPPED
4960,898,48,2,2025-11-19,SHIPPED
4961,926,22,5,2025-11-14,PENDING
4962,691,29,1,2025-11-24,PENDING
4963,156,47,5,2025-12-12,PENDING
4964,443,38,5,2025-10-30,DELIVERED
4965,220,43,5,2025-12-03,DELIVERED
4966,999999,21,5,2025-10-28,PENDING
4967,149,28,4,2025-12-08,PENDING
4968,765,43,5,2025-12-16,CANCELLED
4969,601,39,1,2025-10-29,CANCELLED
4970,379,7,2,2025-12-06,CANCELLED
4971,942,9,3,2025-12-17,DELIVERED
4972,62,28,4,2025-11-21,PENDING
4973,528,26,2,2025-10-31,PENDING
4974,499,10,3,2025-11-28,PENDING
4975,861,13,5,2025-12-14,DELIVERED
4976,198,20,1,2025-10-27,DELIVERED
4977,327,10,3,2025-11-15,CANCELLED
4978,479,37,2,2025-12-16,SHIPPED
4979,109,34,1,2025-11-19,DELIVERED
4980,469,49,5,2025-11-02,DELIVERED
4981,684,32,1,2025-12-08,PENDING
4982,223,24,3,2025-12-18,CANCELLED
4983,988,34,2,2025-11-20,DELIVERED
4984,985,22,4,2025-10-24,CANCELLED
4985,302,11,1,2025-11-24,CANCELLED
4986,755,17,5,2025-12-05,DELIVERED
4987,999999,45,1,2025-11-25,DELIVERED
4988,516,4,5,2025-11-28,PENDING
4989,908,36,3,2025-11-15,DELIVERED
4990,613,39,2,2025-12-08,PENDING
4991,787,26,3,2025-10-21,PENDING
4992,523,12,5,2025-11-13,DELIVERED
4993,993,2,4,2025-10-29,DELIVERED
4994,4,2,2,2025-11-20,CANCELLED
4995,666,16,4,2025-12-04,DELIVERED
4996,992,8,2,2025-11-08,PENDING
4997,906,14,1,2025-11-05,CANCELLED
4998,7,2,3,2025-11-28,PENDING
4999,848,36,4,2025-12-03,PENDING
5000,89,32,5,2025-11-23,
